broadGroup,createdAt,updatedAt,ACL,TitleBroadGroup,code,minorGroup,detailedGroups
B0dFm3yqpB,Mon Dec 16 2019 11:46:50 GMT+0700 (Indochina Time),Mon Dec 16 2019 11:47:17 GMT+0700 (Indochina Time),null,Accountants and Auditors,13-2010,mwraCKL520,
CigMx3DeOk,Mon Dec 16 2019 11:46:56 GMT+0700 (Indochina Time),Mon Dec 16 2019 11:47:24 GMT+0700 (Indochina Time),null,"Actors, Producers, and Directors",27-2010,1tanPg10O9,
jm3hfbGqEQ,Mon Dec 16 2019 11:46:51 GMT+0700 (Indochina Time),Mon Dec 16 2019 11:47:18 GMT+0700 (Indochina Time),null,Actuaries,15-2010,AaYEYVht0H,
H9DN5bkWWn,Mon Dec 16 2019 11:46:47 GMT+0700 (Indochina Time),Mon Dec 16 2019 11:47:15 GMT+0700 (Indochina Time),null,Administrative Services and Facilities Managers,10-Nov,BqetY0yG5F,
sgn4EJ5Vnu,Mon Dec 16 2019 11:46:55 GMT+0700 (Indochina Time),Mon Dec 16 2019 11:47:23 GMT+0700 (Indochina Time),null,"Adult Basic Education, Adult Secondary Education, and English as a Second Language Instructors",25-3010,czIHdFw3dF,
tGwuno5jhO,Mon Dec 16 2019 11:46:47 GMT+0700 (Indochina Time),Mon Dec 16 2019 11:47:15 GMT+0700 (Indochina Time),null,Advertising and Promotions Managers,10-Nov,TyASnZQARe,
FbFvPQYz0i,Mon Dec 16 2019 11:47:02 GMT+0700 (Indochina Time),Mon Dec 16 2019 11:47:31 GMT+0700 (Indochina Time),null,Advertising Sales Agents,41-3010,fNFeKD586p,
60N9hP3TA3,Mon Dec 16 2019 11:46:51 GMT+0700 (Indochina Time),Mon Dec 16 2019 11:47:18 GMT+0700 (Indochina Time),null,Aerospace Engineers,17-2010,tvxz9DcNmv,
PDUBgTo1fQ,Mon Dec 16 2019 11:46:49 GMT+0700 (Indochina Time),Mon Dec 16 2019 11:47:16 GMT+0700 (Indochina Time),null,"Agents and Business Managers of Artists, Performers, and Athletes",13-1010,LvfuI3nUNJ,
paXM0wX8rv,Mon Dec 16 2019 11:46:53 GMT+0700 (Indochina Time),Mon Dec 16 2019 11:47:20 GMT+0700 (Indochina Time),null,Agricultural and Food Science Technicians,19-4010,g65RqINJSf,
FzESjTVrI3,Mon Dec 16 2019 11:46:52 GMT+0700 (Indochina Time),Mon Dec 16 2019 11:47:19 GMT+0700 (Indochina Time),null,Agricultural and Food Scientists,19-1010,sd9tP58XWQ,
gE3AfiJqT9,Mon Dec 16 2019 11:46:51 GMT+0700 (Indochina Time),Mon Dec 16 2019 11:47:19 GMT+0700 (Indochina Time),null,Agricultural Engineers,17-2020,tvxz9DcNmv,
nIFSnZN3gB,Mon Dec 16 2019 11:47:05 GMT+0700 (Indochina Time),Mon Dec 16 2019 11:47:33 GMT+0700 (Indochina Time),null,Agricultural Inspectors,45-2010,Q2NAMw10G5,
cKC012HhT5,Mon Dec 16 2019 11:47:12 GMT+0700 (Indochina Time),Mon Dec 16 2019 11:47:41 GMT+0700 (Indochina Time),null,Air Traffic Controllers and Airfield Operations Specialists,53-2020,hVsorOfQmt,
v8ewev1IAx,Mon Dec 16 2019 11:47:08 GMT+0700 (Indochina Time),Mon Dec 16 2019 11:47:36 GMT+0700 (Indochina Time),null,Aircraft Mechanics and Service Technicians,49-3010,g9MtBg06Wh,
HeMIngOMqD,Mon Dec 16 2019 11:47:12 GMT+0700 (Indochina Time),Mon Dec 16 2019 11:47:41 GMT+0700 (Indochina Time),null,Aircraft Pilots and Flight Engineers,53-2010,hVsorOfQmt,
07liresbwE,Mon Dec 16 2019 11:47:09 GMT+0700 (Indochina Time),Mon Dec 16 2019 11:47:38 GMT+0700 (Indochina Time),null,"Aircraft Structure, Surfaces, Rigging, and Systems Assemblers",51-2010,rcSzzeidBc,
ys9Vr7uaU9,Mon Dec 16 2019 11:47:13 GMT+0700 (Indochina Time),Mon Dec 16 2019 11:47:41 GMT+0700 (Indochina Time),null,"Ambulance Drivers and Attendants, Except Emergency Medical Technicians",53-3010,IHUoHTI0gg,
CvcBpo62E4,Mon Dec 16 2019 11:47:05 GMT+0700 (Indochina Time),Mon Dec 16 2019 11:47:33 GMT+0700 (Indochina Time),null,Animal Breeders,45-2020,Q2NAMw10G5,
8egdHp250M,Mon Dec 16 2019 11:47:02 GMT+0700 (Indochina Time),Mon Dec 16 2019 11:47:30 GMT+0700 (Indochina Time),null,Animal Caretakers,39-2020,X4atb5vvED,
vHniH2D2x5,Mon Dec 16 2019 11:47:00 GMT+0700 (Indochina Time),Mon Dec 16 2019 11:47:28 GMT+0700 (Indochina Time),null,Animal Control Workers,33-9010,imSi8zVWWy,
Pq8FF0YAxK,Mon Dec 16 2019 11:47:02 GMT+0700 (Indochina Time),Mon Dec 16 2019 11:47:30 GMT+0700 (Indochina Time),null,Animal Trainers,39-2010,X4atb5vvED,
14jek54HM6,Mon Dec 16 2019 11:46:51 GMT+0700 (Indochina Time),Mon Dec 16 2019 11:47:18 GMT+0700 (Indochina Time),null,"Architects, Except Naval",17-1010,EKy0bxLYaj,
NTuOQopGxk,Mon Dec 16 2019 11:46:49 GMT+0700 (Indochina Time),Mon Dec 16 2019 11:47:16 GMT+0700 (Indochina Time),null,Architectural and Engineering Managers,Nov-40,YpvGY7IuFc,
tlgKAS55dW,Mon Dec 16 2019 11:46:55 GMT+0700 (Indochina Time),Mon Dec 16 2019 11:47:23 GMT+0700 (Indochina Time),null,"Archivists, Curators, and Museum Technicians",25-4010,rDnSXXfG3Y,
2CARmz2wLu,Mon Dec 16 2019 11:46:56 GMT+0700 (Indochina Time),Mon Dec 16 2019 11:47:24 GMT+0700 (Indochina Time),null,Artists and Related Workers,27-1010,yvvVVE9PTt,
QijWcrJ5J3,Mon Dec 16 2019 11:46:55 GMT+0700 (Indochina Time),Mon Dec 16 2019 11:47:22 GMT+0700 (Indochina Time),null,"Arts, Communications, History, and Humanities Teachers, Postsecondary",25-1120,NaAEWDaKLO,
CjC3r8kca9,Mon Dec 16 2019 11:46:52 GMT+0700 (Indochina Time),Mon Dec 16 2019 11:47:20 GMT+0700 (Indochina Time),null,Astronomers and Physicists,19-2010,LJuInvaBhL,
kjYEGWDhdL,Mon Dec 16 2019 11:46:56 GMT+0700 (Indochina Time),Mon Dec 16 2019 11:47:24 GMT+0700 (Indochina Time),null,"Athletes, Coaches, Umpires, and Related Workers",27-2020,1tanPg10O9,
EOJUxMZacn,Mon Dec 16 2019 11:46:52 GMT+0700 (Indochina Time),Mon Dec 16 2019 11:47:20 GMT+0700 (Indochina Time),null,Atmospheric and Space Scientists,19-2020,LJuInvaBhL,
ZsKycKNiRI,Mon Dec 16 2019 11:46:58 GMT+0700 (Indochina Time),Mon Dec 16 2019 11:47:25 GMT+0700 (Indochina Time),null,Audiologists,29-1180,XxBC3LdqsM,
zn3GX5c0FQ,Mon Dec 16 2019 11:47:08 GMT+0700 (Indochina Time),Mon Dec 16 2019 11:47:36 GMT+0700 (Indochina Time),null,Automotive Technicians and Repairers,49-3020,g9MtBg06Wh,
DH2SFisasy,Mon Dec 16 2019 11:47:02 GMT+0700 (Indochina Time),Mon Dec 16 2019 11:47:30 GMT+0700 (Indochina Time),null,"Baggage Porters, Bellhops, and Concierges",39-6010,YCm8p5v0au,
AxKbf6MnKh,Mon Dec 16 2019 11:47:00 GMT+0700 (Indochina Time),Mon Dec 16 2019 11:47:28 GMT+0700 (Indochina Time),null,"Bailiffs, Correctional Officers, and Jailers",33-3010,R46IHFI2SL,
S1eSDg6pn5,Mon Dec 16 2019 11:47:09 GMT+0700 (Indochina Time),Mon Dec 16 2019 11:47:38 GMT+0700 (Indochina Time),null,Bakers,51-3010,JBCE1I8OUY,
lUiCI7np7M,Mon Dec 16 2019 11:47:02 GMT+0700 (Indochina Time),Mon Dec 16 2019 11:47:30 GMT+0700 (Indochina Time),null,"Barbers, Hairdressers, Hairstylists and Cosmetologists",39-5010,eQa7vBoPV8,
x2O2pBqq1P,Mon Dec 16 2019 11:47:01 GMT+0700 (Indochina Time),Mon Dec 16 2019 11:47:29 GMT+0700 (Indochina Time),null,Bartenders,35-3010,ZCA2io2asi,
LoU4ytfo4A,Mon Dec 16 2019 11:47:03 GMT+0700 (Indochina Time),Mon Dec 16 2019 11:47:31 GMT+0700 (Indochina Time),null,Bill and Account Collectors,43-3010,YkjDihYrc3,
E2jzfzZmx1,Mon Dec 16 2019 11:47:03 GMT+0700 (Indochina Time),Mon Dec 16 2019 11:47:31 GMT+0700 (Indochina Time),null,Billing and Posting Clerks,43-3020,YkjDihYrc3,
CXflIWjfNL,Mon Dec 16 2019 11:46:51 GMT+0700 (Indochina Time),Mon Dec 16 2019 11:47:19 GMT+0700 (Indochina Time),null,Bioengineers and Biomedical Engineers,17-2030,tvxz9DcNmv,
hWJ9CYc0IG,Mon Dec 16 2019 11:46:52 GMT+0700 (Indochina Time),Mon Dec 16 2019 11:47:19 GMT+0700 (Indochina Time),null,Biological Scientists,19-1020,sd9tP58XWQ,
DGIhGhtlw9,Mon Dec 16 2019 11:46:53 GMT+0700 (Indochina Time),Mon Dec 16 2019 11:47:20 GMT+0700 (Indochina Time),null,Biological Technicians,19-4020,g65RqINJSf,
at9dsZy5E7,Mon Dec 16 2019 11:47:06 GMT+0700 (Indochina Time),Mon Dec 16 2019 11:47:34 GMT+0700 (Indochina Time),null,Boilermakers,47-2010,Sv5pbllYF3,
Ksf4zYstuM,Mon Dec 16 2019 11:47:03 GMT+0700 (Indochina Time),Mon Dec 16 2019 11:47:31 GMT+0700 (Indochina Time),null,"Bookkeeping, Accounting, and Auditing Clerks",43-3030,YkjDihYrc3,
0Ddj3oJjdA,Mon Dec 16 2019 11:47:06 GMT+0700 (Indochina Time),Mon Dec 16 2019 11:47:34 GMT+0700 (Indochina Time),null,"Brickmasons, Blockmasons, and Stonemasons",47-2020,Sv5pbllYF3,
NiGhIuIyht,Mon Dec 16 2019 11:47:13 GMT+0700 (Indochina Time),Mon Dec 16 2019 11:47:42 GMT+0700 (Indochina Time),null,Bridge and Lock Tenders,53-6010,VbcUN3CCNS,
xaJHkEYRGh,Mon Dec 16 2019 11:46:56 GMT+0700 (Indochina Time),Mon Dec 16 2019 11:47:24 GMT+0700 (Indochina Time),null,Broadcast Announcers and Radio Disc Jockeys,27-3010,SISWu82MiS,
xHRAA6Gcby,Mon Dec 16 2019 11:46:57 GMT+0700 (Indochina Time),Mon Dec 16 2019 11:47:25 GMT+0700 (Indochina Time),null,"Broadcast, Sound, and Lighting Technicians",27-4010,llQQsDWj6p,
AjPQXH50xh,Mon Dec 16 2019 11:47:04 GMT+0700 (Indochina Time),Mon Dec 16 2019 11:47:32 GMT+0700 (Indochina Time),null,Brokerage Clerks,43-4010,BKczcV3owt,
r8e8WNSn5A,Mon Dec 16 2019 11:46:50 GMT+0700 (Indochina Time),Mon Dec 16 2019 11:47:17 GMT+0700 (Indochina Time),null,Budget Analysts,13-2030,mwraCKL520,
K3BUQQgZTh,Mon Dec 16 2019 11:47:01 GMT+0700 (Indochina Time),Mon Dec 16 2019 11:47:29 GMT+0700 (Indochina Time),null,Building Cleaning Workers,37-2010,giJvMF2rOu,
C0mhjFyYli,Mon Dec 16 2019 11:47:08 GMT+0700 (Indochina Time),Mon Dec 16 2019 11:47:36 GMT+0700 (Indochina Time),null,Bus and Truck Mechanics and Diesel Engine Specialists,49-3030,g9MtBg06Wh,
chOYCXl3JA,Mon Dec 16 2019 11:46:54 GMT+0700 (Indochina Time),Mon Dec 16 2019 11:47:22 GMT+0700 (Indochina Time),null,"Business Teachers, Postsecondary",25-1010,NaAEWDaKLO,
OuFwjuBtyJ,Mon Dec 16 2019 11:47:09 GMT+0700 (Indochina Time),Mon Dec 16 2019 11:47:38 GMT+0700 (Indochina Time),null,"Butchers and Other Meat, Poultry, and Fish Processing Workers",51-3020,JBCE1I8OUY,
ci1pT6KDRp,Mon Dec 16 2019 11:46:49 GMT+0700 (Indochina Time),Mon Dec 16 2019 11:47:16 GMT+0700 (Indochina Time),null,Buyers and Purchasing Agents,13-1020,LvfuI3nUNJ,
50SasJkaLJ,Mon Dec 16 2019 11:47:11 GMT+0700 (Indochina Time),Mon Dec 16 2019 11:47:39 GMT+0700 (Indochina Time),null,Cabinetmakers and Bench Carpenters,51-7010,rlU6zIdXUK,
vDOdoJBIC5,Mon Dec 16 2019 11:47:04 GMT+0700 (Indochina Time),Mon Dec 16 2019 11:47:32 GMT+0700 (Indochina Time),null,Cargo and Freight Agents,43-5010,bFH3MPwZTa,
kRIjDh2dVp,Mon Dec 16 2019 11:47:06 GMT+0700 (Indochina Time),Mon Dec 16 2019 11:47:34 GMT+0700 (Indochina Time),null,Carpenters,47-2030,Sv5pbllYF3,
FXEGvFYPTB,Mon Dec 16 2019 11:47:06 GMT+0700 (Indochina Time),Mon Dec 16 2019 11:47:34 GMT+0700 (Indochina Time),null,"Carpet, Floor, and Tile Installers and Finishers",47-2040,Sv5pbllYF3,
4m50LEdI1k,Mon Dec 16 2019 11:47:02 GMT+0700 (Indochina Time),Mon Dec 16 2019 11:47:31 GMT+0700 (Indochina Time),null,Cashiers,41-2010,FBeQW1ZaVW,
Na7aQTEobl,Mon Dec 16 2019 11:47:06 GMT+0700 (Indochina Time),Mon Dec 16 2019 11:47:34 GMT+0700 (Indochina Time),null,"Cement Masons, Concrete Finishers, and Terrazzo Workers",47-2050,Sv5pbllYF3,
7Q2gAWthma,Mon Dec 16 2019 11:46:51 GMT+0700 (Indochina Time),Mon Dec 16 2019 11:47:19 GMT+0700 (Indochina Time),null,Chemical Engineers,17-2040,tvxz9DcNmv,
3BbF5AbyxO,Mon Dec 16 2019 11:47:11 GMT+0700 (Indochina Time),Mon Dec 16 2019 11:47:40 GMT+0700 (Indochina Time),null,"Chemical Processing Machine Setters, Operators, and Tenders",51-9010,7cRmoljVW5,
MrrwJVeeLA,Mon Dec 16 2019 11:46:53 GMT+0700 (Indochina Time),Mon Dec 16 2019 11:47:20 GMT+0700 (Indochina Time),null,Chemical Technicians,19-4030,g65RqINJSf,
5vRo5QQbeS,Mon Dec 16 2019 11:46:52 GMT+0700 (Indochina Time),Mon Dec 16 2019 11:47:20 GMT+0700 (Indochina Time),null,Chemists and Materials Scientists,19-2030,LJuInvaBhL,
eq0HyK82ae,Mon Dec 16 2019 11:46:47 GMT+0700 (Indochina Time),Mon Dec 16 2019 11:47:15 GMT+0700 (Indochina Time),null,Chief Executives,11-1010,SFbWGrJJaZ,
KZhP6SBMU9,Mon Dec 16 2019 11:47:02 GMT+0700 (Indochina Time),Mon Dec 16 2019 11:47:30 GMT+0700 (Indochina Time),null,Childcare Workers,39-9010,xqbnVS1IMy,
I3Ux4MeJ1N,Mon Dec 16 2019 11:46:57 GMT+0700 (Indochina Time),Mon Dec 16 2019 11:47:25 GMT+0700 (Indochina Time),null,Chiropractors,29-1010,XxBC3LdqsM,
rQBOvTLcJ9,Mon Dec 16 2019 11:46:51 GMT+0700 (Indochina Time),Mon Dec 16 2019 11:47:19 GMT+0700 (Indochina Time),null,Civil Engineers,17-2050,tvxz9DcNmv,
ykeRakScK0,Mon Dec 16 2019 11:46:50 GMT+0700 (Indochina Time),Mon Dec 16 2019 11:47:17 GMT+0700 (Indochina Time),null,"Claims Adjusters, Appraisers, Examiners, and Investigators",13-1030,LvfuI3nUNJ,
8lEXNYm6IR,Mon Dec 16 2019 11:46:54 GMT+0700 (Indochina Time),Mon Dec 16 2019 11:47:21 GMT+0700 (Indochina Time),null,Clergy,21-2010,GNUFymWUmG,
SZDrhMSYY5,Mon Dec 16 2019 11:46:59 GMT+0700 (Indochina Time),Mon Dec 16 2019 11:47:26 GMT+0700 (Indochina Time),null,Clinical Laboratory Technologists and Technicians,29-2010,tSSMCUDdk6,
Ca2q2HnfUU,Mon Dec 16 2019 11:46:48 GMT+0700 (Indochina Time),Mon Dec 16 2019 11:47:16 GMT+0700 (Indochina Time),null,Compensation and Benefits Managers,10-Nov,BqetY0yG5F,
jtjaoqROKq,Mon Dec 16 2019 11:46:50 GMT+0700 (Indochina Time),Mon Dec 16 2019 11:47:17 GMT+0700 (Indochina Time),null,"Compensation, Benefits, and Job Analysis Specialists",13-1140,LvfuI3nUNJ,
wyldnHUFZv,Mon Dec 16 2019 11:46:50 GMT+0700 (Indochina Time),Mon Dec 16 2019 11:47:17 GMT+0700 (Indochina Time),null,Compliance Officers,13-1040,LvfuI3nUNJ,
msdKnkrpEK,Mon Dec 16 2019 11:46:50 GMT+0700 (Indochina Time),Mon Dec 16 2019 11:47:18 GMT+0700 (Indochina Time),null,Computer and Information Analysts,15-1210,1EQSLbuvhv,
8kMDBzjI8k,Mon Dec 16 2019 11:46:50 GMT+0700 (Indochina Time),Mon Dec 16 2019 11:47:18 GMT+0700 (Indochina Time),null,Computer and Information Research Scientists,15-1220,1EQSLbuvhv,
YWvLX7YREh,Mon Dec 16 2019 11:46:48 GMT+0700 (Indochina Time),Mon Dec 16 2019 11:47:16 GMT+0700 (Indochina Time),null,Computer and Information Systems Managers,20-Nov,BqetY0yG5F,
ELhQZTmA5R,Mon Dec 16 2019 11:46:51 GMT+0700 (Indochina Time),Mon Dec 16 2019 11:47:19 GMT+0700 (Indochina Time),null,Computer Hardware Engineers,17-2060,tvxz9DcNmv,
Q5kJxSmZd8,Mon Dec 16 2019 11:47:12 GMT+0700 (Indochina Time),Mon Dec 16 2019 11:47:41 GMT+0700 (Indochina Time),null,Computer Numerically Controlled Tool Operators and Programmers,51-9160,7cRmoljVW5,
9dod7KDWKT,Mon Dec 16 2019 11:46:51 GMT+0700 (Indochina Time),Mon Dec 16 2019 11:47:18 GMT+0700 (Indochina Time),null,Computer Support Specialists,15-1230,1EQSLbuvhv,
7u6Yw4gp3g,Mon Dec 16 2019 11:47:08 GMT+0700 (Indochina Time),Mon Dec 16 2019 11:47:36 GMT+0700 (Indochina Time),null,"Computer, Automated Teller, and Office Machine Repairers",49-2010,cAmyEQ4A21,
DzaRB337Rm,Mon Dec 16 2019 11:46:52 GMT+0700 (Indochina Time),Mon Dec 16 2019 11:47:20 GMT+0700 (Indochina Time),null,Conservation Scientists and Foresters,19-1030,sd9tP58XWQ,
sE9zfIOkla,Mon Dec 16 2019 11:47:07 GMT+0700 (Indochina Time),Mon Dec 16 2019 11:47:35 GMT+0700 (Indochina Time),null,Construction and Building Inspectors,47-4010,JzJYMdr2Nw,
D1aCFDIFjW,Mon Dec 16 2019 11:47:06 GMT+0700 (Indochina Time),Mon Dec 16 2019 11:47:34 GMT+0700 (Indochina Time),null,Construction Equipment Operators,47-2070,Sv5pbllYF3,
9iUW8GhfWB,Mon Dec 16 2019 11:47:06 GMT+0700 (Indochina Time),Mon Dec 16 2019 11:47:34 GMT+0700 (Indochina Time),null,Construction Laborers,47-2060,Sv5pbllYF3,
kAsUjFSofB,Mon Dec 16 2019 11:46:49 GMT+0700 (Indochina Time),Mon Dec 16 2019 11:47:16 GMT+0700 (Indochina Time),null,Construction Managers,20-Nov,YpvGY7IuFc,
4CgU0Q9bcC,Mon Dec 16 2019 11:47:09 GMT+0700 (Indochina Time),Mon Dec 16 2019 11:47:37 GMT+0700 (Indochina Time),null,Control and Valve Installers and Repairers,49-9010,KPln6kKiDu,
qNQmRbXfAp,Mon Dec 16 2019 11:47:13 GMT+0700 (Indochina Time),Mon Dec 16 2019 11:47:42 GMT+0700 (Indochina Time),null,Conveyor Operators and Tenders,53-7010,4SGn0EArdk,
0qhAPfVBaa,Mon Dec 16 2019 11:47:00 GMT+0700 (Indochina Time),Mon Dec 16 2019 11:47:28 GMT+0700 (Indochina Time),null,Cooks,35-2010,pZYlNAAnwK,
jcQWYKQtTK,Mon Dec 16 2019 11:47:04 GMT+0700 (Indochina Time),Mon Dec 16 2019 11:47:32 GMT+0700 (Indochina Time),null,Correspondence Clerks,43-4020,BKczcV3owt,
NlQBK6HqAO,Mon Dec 16 2019 11:46:50 GMT+0700 (Indochina Time),Mon Dec 16 2019 11:47:17 GMT+0700 (Indochina Time),null,Cost Estimators,13-1050,LvfuI3nUNJ,
hdPyqHNArr,Mon Dec 16 2019 11:46:53 GMT+0700 (Indochina Time),Mon Dec 16 2019 11:47:21 GMT+0700 (Indochina Time),null,Counselors,21-1010,mlrGfs8JcW,
80bUa1eupO,Mon Dec 16 2019 11:47:02 GMT+0700 (Indochina Time),Mon Dec 16 2019 11:47:31 GMT+0700 (Indochina Time),null,Counter and Rental Clerks and Parts Salespersons,41-2020,FBeQW1ZaVW,
ljVizwbZfA,Mon Dec 16 2019 11:47:04 GMT+0700 (Indochina Time),Mon Dec 16 2019 11:47:32 GMT+0700 (Indochina Time),null,Couriers and Messengers,43-5020,bFH3MPwZTa,
EGhgLSGgpA,Mon Dec 16 2019 11:47:04 GMT+0700 (Indochina Time),Mon Dec 16 2019 11:47:32 GMT+0700 (Indochina Time),null,"Court, Municipal, and License Clerks",43-4030,BKczcV3owt,
coN0J7N51d,Mon Dec 16 2019 11:47:13 GMT+0700 (Indochina Time),Mon Dec 16 2019 11:47:42 GMT+0700 (Indochina Time),null,Crane and Tower Operators,53-7020,4SGn0EArdk,
EAkYHHsPcc,Mon Dec 16 2019 11:46:50 GMT+0700 (Indochina Time),Mon Dec 16 2019 11:47:17 GMT+0700 (Indochina Time),null,Credit Analysts,13-2040,mwraCKL520,
cBHYNznumP,Mon Dec 16 2019 11:47:04 GMT+0700 (Indochina Time),Mon Dec 16 2019 11:47:32 GMT+0700 (Indochina Time),null,"Credit Authorizers, Checkers, and Clerks",43-4040,BKczcV3owt,
4YgtKwIwFH,Mon Dec 16 2019 11:46:50 GMT+0700 (Indochina Time),Mon Dec 16 2019 11:47:18 GMT+0700 (Indochina Time),null,Credit Counselors and Loan Officers,13-2070,mwraCKL520,
EPFTxRfMWZ,Mon Dec 16 2019 11:47:11 GMT+0700 (Indochina Time),Mon Dec 16 2019 11:47:40 GMT+0700 (Indochina Time),null,"Crushing, Grinding, Polishing, Mixing, and Blending Workers",51-9020,7cRmoljVW5,
FUedCBqJ3D,Mon Dec 16 2019 11:47:04 GMT+0700 (Indochina Time),Mon Dec 16 2019 11:47:32 GMT+0700 (Indochina Time),null,Customer Service Representatives,43-4050,BKczcV3owt,
UHvZrnDm5H,Mon Dec 16 2019 11:47:11 GMT+0700 (Indochina Time),Mon Dec 16 2019 11:47:40 GMT+0700 (Indochina Time),null,Cutting Workers,51-9030,7cRmoljVW5,
5hiD53g5Dy,Mon Dec 16 2019 11:46:56 GMT+0700 (Indochina Time),Mon Dec 16 2019 11:47:24 GMT+0700 (Indochina Time),null,Dancers and Choreographers,27-2030,1tanPg10O9,
DshF57C9YG,Mon Dec 16 2019 11:47:05 GMT+0700 (Indochina Time),Mon Dec 16 2019 11:47:33 GMT+0700 (Indochina Time),null,Data Entry and Information Processing Workers,43-9020,yRLWTBPV44,
QMk9hvX9b7,Mon Dec 16 2019 11:46:51 GMT+0700 (Indochina Time),Mon Dec 16 2019 11:47:18 GMT+0700 (Indochina Time),null,Data Scientists,15-2050,AaYEYVht0H,
0ugLF0m4Z3,Mon Dec 16 2019 11:46:51 GMT+0700 (Indochina Time),Mon Dec 16 2019 11:47:18 GMT+0700 (Indochina Time),null,Database and Network Administrators and Architects,15-1240,1EQSLbuvhv,
b7ZCHFZ3Fq,Mon Dec 16 2019 11:47:12 GMT+0700 (Indochina Time),Mon Dec 16 2019 11:47:41 GMT+0700 (Indochina Time),null,Dental and Ophthalmic Laboratory Technicians and Medical Appliance Technicians,51-9080,7cRmoljVW5,
3bficFrk2p,Mon Dec 16 2019 11:46:57 GMT+0700 (Indochina Time),Mon Dec 16 2019 11:47:25 GMT+0700 (Indochina Time),null,Dentists,29-1020,XxBC3LdqsM,
90rUk8QfSx,Mon Dec 16 2019 11:47:08 GMT+0700 (Indochina Time),Mon Dec 16 2019 11:47:35 GMT+0700 (Indochina Time),null,"Derrick, Rotary Drill, and Service Unit Operators, Oil and Gas",47-5010,vCBeliBZXm,
TsPBJXDdYe,Mon Dec 16 2019 11:46:56 GMT+0700 (Indochina Time),Mon Dec 16 2019 11:47:24 GMT+0700 (Indochina Time),null,Designers,27-1020,yvvVVE9PTt,
RBCHVxbZ9c,Mon Dec 16 2019 11:47:05 GMT+0700 (Indochina Time),Mon Dec 16 2019 11:47:33 GMT+0700 (Indochina Time),null,Desktop Publishers,43-9030,yRLWTBPV44,
sTh7Jgmuut,Mon Dec 16 2019 11:47:00 GMT+0700 (Indochina Time),Mon Dec 16 2019 11:47:28 GMT+0700 (Indochina Time),null,Detectives and Criminal Investigators,33-3020,R46IHFI2SL,
GDY0OJmqYH,Mon Dec 16 2019 11:46:59 GMT+0700 (Indochina Time),Mon Dec 16 2019 11:47:26 GMT+0700 (Indochina Time),null,Diagnostic Related Technologists and Technicians,29-2030,tSSMCUDdk6,
ufju6Wv2iq,Mon Dec 16 2019 11:46:57 GMT+0700 (Indochina Time),Mon Dec 16 2019 11:47:25 GMT+0700 (Indochina Time),null,Dietitians and Nutritionists,29-1030,XxBC3LdqsM,
hKapL3KEjA,Mon Dec 16 2019 11:47:01 GMT+0700 (Indochina Time),Mon Dec 16 2019 11:47:29 GMT+0700 (Indochina Time),null,Dining Room and Cafeteria Attendants and Bartender Helpers,35-9010,7bGrl7vY9Q,
fPL7Abtv3m,Mon Dec 16 2019 11:46:54 GMT+0700 (Indochina Time),Mon Dec 16 2019 11:47:21 GMT+0700 (Indochina Time),null,"Directors, Religious Activities and Education",21-2020,GNUFymWUmG,
qQUmR9U4TF,Mon Dec 16 2019 11:47:01 GMT+0700 (Indochina Time),Mon Dec 16 2019 11:47:29 GMT+0700 (Indochina Time),null,Dishwashers,35-9020,7bGrl7vY9Q,
Bo8qAZre4M,Mon Dec 16 2019 11:47:04 GMT+0700 (Indochina Time),Mon Dec 16 2019 11:47:32 GMT+0700 (Indochina Time),null,Dispatchers,43-5030,bFH3MPwZTa,
7LDDg2fNh1,Mon Dec 16 2019 11:46:52 GMT+0700 (Indochina Time),Mon Dec 16 2019 11:47:19 GMT+0700 (Indochina Time),null,Drafters,17-3010,y2cz4gJPRr,
ooeyjmWTrV,Mon Dec 16 2019 11:47:13 GMT+0700 (Indochina Time),Mon Dec 16 2019 11:47:42 GMT+0700 (Indochina Time),null,Dredge Operators,53-7030,4SGn0EArdk,
plL1sE3V65,Mon Dec 16 2019 11:47:13 GMT+0700 (Indochina Time),Mon Dec 16 2019 11:47:41 GMT+0700 (Indochina Time),null,Driver/Sales Workers and Truck Drivers,53-3030,IHUoHTI0gg,
FFBAG4q0qS,Mon Dec 16 2019 11:47:06 GMT+0700 (Indochina Time),Mon Dec 16 2019 11:47:34 GMT+0700 (Indochina Time),null,"Drywall Installers, Ceiling Tile Installers, and Tapers",47-2080,Sv5pbllYF3,
VgSSi7ueRV,Mon Dec 16 2019 11:46:53 GMT+0700 (Indochina Time),Mon Dec 16 2019 11:47:20 GMT+0700 (Indochina Time),null,Economists,19-3010,zDdkFOuHSt,
59D9WFr4Cy,Mon Dec 16 2019 11:46:49 GMT+0700 (Indochina Time),Mon Dec 16 2019 11:47:16 GMT+0700 (Indochina Time),null,Education and Childcare Administrators,30-Nov,YpvGY7IuFc,
VFIqv9ncJB,Mon Dec 16 2019 11:46:55 GMT+0700 (Indochina Time),Mon Dec 16 2019 11:47:22 GMT+0700 (Indochina Time),null,"Education and Library Science Teachers, Postsecondary",25-1080,NaAEWDaKLO,
b6ieoXILuW,Mon Dec 16 2019 11:46:51 GMT+0700 (Indochina Time),Mon Dec 16 2019 11:47:19 GMT+0700 (Indochina Time),null,Electrical and Electronics Engineers,17-2070,tvxz9DcNmv,
1Ao3GKjpbK,Mon Dec 16 2019 11:47:09 GMT+0700 (Indochina Time),Mon Dec 16 2019 11:47:38 GMT+0700 (Indochina Time),null,"Electrical, Electronics, and Electromechanical Assemblers",51-2020,rcSzzeidBc,
bhhcBOEjtG,Mon Dec 16 2019 11:47:06 GMT+0700 (Indochina Time),Mon Dec 16 2019 11:47:34 GMT+0700 (Indochina Time),null,Electricians,47-2110,Sv5pbllYF3,
2aHmvCBaD2,Mon Dec 16 2019 11:46:55 GMT+0700 (Indochina Time),Mon Dec 16 2019 11:47:23 GMT+0700 (Indochina Time),null,Elementary and Middle School Teachers,25-2020,cHhHoOkOI3,
DGG7eqYsJK,Mon Dec 16 2019 11:47:07 GMT+0700 (Indochina Time),Mon Dec 16 2019 11:47:35 GMT+0700 (Indochina Time),null,Elevator and Escalator Installers and Repairers,47-4020,JzJYMdr2Nw,
HnGHyyavzb,Mon Dec 16 2019 11:47:04 GMT+0700 (Indochina Time),Mon Dec 16 2019 11:47:32 GMT+0700 (Indochina Time),null,"Eligibility Interviewers, Government Programs",43-4060,BKczcV3owt,
XcHhZvnPEz,Mon Dec 16 2019 11:47:02 GMT+0700 (Indochina Time),Mon Dec 16 2019 11:47:30 GMT+0700 (Indochina Time),null,Embalmers and Crematory Operators,39-4010,K3RY1Nuyxv,
bBQiwMneVz,Mon Dec 16 2019 11:46:49 GMT+0700 (Indochina Time),Mon Dec 16 2019 11:47:16 GMT+0700 (Indochina Time),null,Emergency Management Directors,Nov-60,YpvGY7IuFc,
lKDUA1IlTp,Mon Dec 16 2019 11:46:59 GMT+0700 (Indochina Time),Mon Dec 16 2019 11:47:26 GMT+0700 (Indochina Time),null,Emergency Medical Technicians and Paramedics,29-2040,tSSMCUDdk6,
KQCtIJxlw2,Mon Dec 16 2019 11:47:09 GMT+0700 (Indochina Time),Mon Dec 16 2019 11:47:38 GMT+0700 (Indochina Time),null,Engine and Other Machine Assemblers,51-2030,rcSzzeidBc,
vzHfSnYsMq,Mon Dec 16 2019 11:46:54 GMT+0700 (Indochina Time),Mon Dec 16 2019 11:47:22 GMT+0700 (Indochina Time),null,"Engineering and Architecture Teachers, Postsecondary",25-1030,NaAEWDaKLO,
rCkFEN4c3H,Mon Dec 16 2019 11:46:52 GMT+0700 (Indochina Time),Mon Dec 16 2019 11:47:19 GMT+0700 (Indochina Time),null,"Engineering Technologists and Technicians, Except Drafters",17-3020,y2cz4gJPRr,
q6Zt7cHGAz,Mon Dec 16 2019 11:46:49 GMT+0700 (Indochina Time),Mon Dec 16 2019 11:47:16 GMT+0700 (Indochina Time),null,Entertainment and Recreation Managers,Nov-70,YpvGY7IuFc,
1w5TPW8kYe,Mon Dec 16 2019 11:46:51 GMT+0700 (Indochina Time),Mon Dec 16 2019 11:47:19 GMT+0700 (Indochina Time),null,Environmental Engineers,17-2080,tvxz9DcNmv,
K0LF8OkJOL,Mon Dec 16 2019 11:46:53 GMT+0700 (Indochina Time),Mon Dec 16 2019 11:47:20 GMT+0700 (Indochina Time),null,Environmental Science and Geoscience Technicians,19-4040,g65RqINJSf,
Zhy7zRgxlL,Mon Dec 16 2019 11:46:52 GMT+0700 (Indochina Time),Mon Dec 16 2019 11:47:20 GMT+0700 (Indochina Time),null,Environmental Scientists and Geoscientists,19-2040,LJuInvaBhL,
GfQJBSUw39,Mon Dec 16 2019 11:47:08 GMT+0700 (Indochina Time),Mon Dec 16 2019 11:47:35 GMT+0700 (Indochina Time),null,"Explosives Workers, Ordnance Handling Experts, and Blasters",47-5030,vCBeliBZXm,
AP0vOEbmeo,Mon Dec 16 2019 11:47:11 GMT+0700 (Indochina Time),Mon Dec 16 2019 11:47:40 GMT+0700 (Indochina Time),null,"Extruding, Forming, Pressing, and Compacting Machine Setters, Operators, and Tenders",51-9040,7cRmoljVW5,
FOT5RDuzC0,Mon Dec 16 2019 11:46:56 GMT+0700 (Indochina Time),Mon Dec 16 2019 11:47:24 GMT+0700 (Indochina Time),null,Farm and Home Management Educators,25-9020,pcFnIswXJD,
0RVL5f0JWQ,Mon Dec 16 2019 11:46:48 GMT+0700 (Indochina Time),Mon Dec 16 2019 11:47:16 GMT+0700 (Indochina Time),null,"Farmers, Ranchers, and Other Agricultural Managers",10-Nov,YpvGY7IuFc,
WEaelXdxwA,Mon Dec 16 2019 11:47:01 GMT+0700 (Indochina Time),Mon Dec 16 2019 11:47:29 GMT+0700 (Indochina Time),null,Fast Food and Counter Workers,35-3020,ZCA2io2asi,
LUEninJ4oD,Mon Dec 16 2019 11:47:07 GMT+0700 (Indochina Time),Mon Dec 16 2019 11:47:35 GMT+0700 (Indochina Time),null,Fence Erectors,47-4030,JzJYMdr2Nw,
yTkODUXoAW,Mon Dec 16 2019 11:47:09 GMT+0700 (Indochina Time),Mon Dec 16 2019 11:47:38 GMT+0700 (Indochina Time),null,Fiberglass Laminators and Fabricators,51-2050,rcSzzeidBc,
bVPVS56pBc,Mon Dec 16 2019 11:47:04 GMT+0700 (Indochina Time),Mon Dec 16 2019 11:47:32 GMT+0700 (Indochina Time),null,File Clerks,43-4070,BKczcV3owt,
q28GYLQGJl,Mon Dec 16 2019 11:46:50 GMT+0700 (Indochina Time),Mon Dec 16 2019 11:47:17 GMT+0700 (Indochina Time),null,Financial Analysts and Advisors,13-2050,mwraCKL520,
A3bBQM5caB,Mon Dec 16 2019 11:46:50 GMT+0700 (Indochina Time),Mon Dec 16 2019 11:47:18 GMT+0700 (Indochina Time),null,Financial Examiners,13-2060,mwraCKL520,
OCe30eFEFc,Mon Dec 16 2019 11:46:48 GMT+0700 (Indochina Time),Mon Dec 16 2019 11:47:16 GMT+0700 (Indochina Time),null,Financial Managers,30-Nov,BqetY0yG5F,
Egx30dtvzW,Mon Dec 16 2019 11:47:00 GMT+0700 (Indochina Time),Mon Dec 16 2019 11:47:28 GMT+0700 (Indochina Time),null,Fire Inspectors,33-2020,3RkRh4eRPn,
kUteELEYIJ,Mon Dec 16 2019 11:47:00 GMT+0700 (Indochina Time),Mon Dec 16 2019 11:47:28 GMT+0700 (Indochina Time),null,Firefighters,33-2010,3RkRh4eRPn,
3NG7Ng6fcg,Mon Dec 16 2019 11:47:14 GMT+0700 (Indochina Time),Mon Dec 16 2019 11:47:43 GMT+0700 (Indochina Time),null,First-Line Enlisted Military Supervisors,55-2010,XDkYkRckbm,
RVNXDITBsg,Mon Dec 16 2019 11:47:01 GMT+0700 (Indochina Time),Mon Dec 16 2019 11:47:29 GMT+0700 (Indochina Time),null,First-Line Supervisors of Building and Grounds Cleaning and Maintenance Workers,37-1010,EZ81F4wJ0E,
tVVbZaCtFH,Mon Dec 16 2019 11:47:06 GMT+0700 (Indochina Time),Mon Dec 16 2019 11:47:34 GMT+0700 (Indochina Time),null,First-Line Supervisors of Construction Trades and Extraction Workers,47-1010,XDjgE0YkHV,
aCPxlpYISf,Mon Dec 16 2019 11:47:02 GMT+0700 (Indochina Time),Mon Dec 16 2019 11:47:30 GMT+0700 (Indochina Time),null,First-Line Supervisors of Entertainment and Recreation Workers,39-1010,dH8hS3E46U,
nvFPxGR57c,Mon Dec 16 2019 11:47:05 GMT+0700 (Indochina Time),Mon Dec 16 2019 11:47:33 GMT+0700 (Indochina Time),null,"First-Line Supervisors of Farming, Fishing, and Forestry Workers",45-1010,zWgR4tOb0j,
C0nlGzwfD3,Mon Dec 16 2019 11:47:00 GMT+0700 (Indochina Time),Mon Dec 16 2019 11:47:28 GMT+0700 (Indochina Time),null,First-Line Supervisors of Firefighting and Prevention Workers,33-1020,oPjHB69Cnz,
Y0sIJPIg2g,Mon Dec 16 2019 11:47:00 GMT+0700 (Indochina Time),Mon Dec 16 2019 11:47:28 GMT+0700 (Indochina Time),null,First-Line Supervisors of Law Enforcement Workers,33-1010,oPjHB69Cnz,
mCi793Qrzl,Mon Dec 16 2019 11:47:08 GMT+0700 (Indochina Time),Mon Dec 16 2019 11:47:36 GMT+0700 (Indochina Time),null,"First-Line Supervisors of Mechanics, Installers, and Repairers",49-1010,2UhId87dAq,
vXgcFwvwu1,Mon Dec 16 2019 11:47:03 GMT+0700 (Indochina Time),Mon Dec 16 2019 11:47:31 GMT+0700 (Indochina Time),null,First-Line Supervisors of Office and Administrative Support Workers,43-1010,tEv7HOapT7,
w5TNCze8ME,Mon Dec 16 2019 11:47:02 GMT+0700 (Indochina Time),Mon Dec 16 2019 11:47:30 GMT+0700 (Indochina Time),null,First-Line Supervisors of Personal Service Workers,39-1020,dH8hS3E46U,
QiBRz8JbH4,Mon Dec 16 2019 11:47:09 GMT+0700 (Indochina Time),Mon Dec 16 2019 11:47:38 GMT+0700 (Indochina Time),null,First-Line Supervisors of Production and Operating Workers,51-1010,UpSe1NeaCU,
jGYqUliMHm,Mon Dec 16 2019 11:47:02 GMT+0700 (Indochina Time),Mon Dec 16 2019 11:47:31 GMT+0700 (Indochina Time),null,First-Line Supervisors of Sales Workers,41-1010,noI1FWDwNe,
0Ugz6ITxOo,Mon Dec 16 2019 11:47:12 GMT+0700 (Indochina Time),Mon Dec 16 2019 11:47:41 GMT+0700 (Indochina Time),null,First-Line Supervisors of Transportation and Material Moving Workers,53-1040,A3k4NqKXMw,
3vwpYmTqGz,Mon Dec 16 2019 11:47:00 GMT+0700 (Indochina Time),Mon Dec 16 2019 11:47:28 GMT+0700 (Indochina Time),null,Fish and Game Wardens,33-3030,R46IHFI2SL,
h9ltbGo0uo,Mon Dec 16 2019 11:47:06 GMT+0700 (Indochina Time),Mon Dec 16 2019 11:47:33 GMT+0700 (Indochina Time),null,Fishing and Hunting Workers,45-3030,WGsFqtNc4m,
LOeN3mdip5,Mon Dec 16 2019 11:47:13 GMT+0700 (Indochina Time),Mon Dec 16 2019 11:47:41 GMT+0700 (Indochina Time),null,Flight Attendants,53-2030,hVsorOfQmt,
khW6TEVN8q,Mon Dec 16 2019 11:47:01 GMT+0700 (Indochina Time),Mon Dec 16 2019 11:47:29 GMT+0700 (Indochina Time),null,Food Preparation Workers,35-2020,pZYlNAAnwK,
IsVC63rCNq,Mon Dec 16 2019 11:47:01 GMT+0700 (Indochina Time),Mon Dec 16 2019 11:47:29 GMT+0700 (Indochina Time),null,"Food Servers, Nonrestaurant",35-3040,ZCA2io2asi,
gKQyk6N3m3,Mon Dec 16 2019 11:46:49 GMT+0700 (Indochina Time),Mon Dec 16 2019 11:47:16 GMT+0700 (Indochina Time),null,Food Service Managers,Nov-50,YpvGY7IuFc,
89Ie7w9VVZ,Mon Dec 16 2019 11:46:53 GMT+0700 (Indochina Time),Mon Dec 16 2019 11:47:21 GMT+0700 (Indochina Time),null,Forest and Conservation Technicians,19-4070,g65RqINJSf,
n9EasBVhIF,Mon Dec 16 2019 11:47:06 GMT+0700 (Indochina Time),Mon Dec 16 2019 11:47:33 GMT+0700 (Indochina Time),null,Forest and Conservation Workers,45-4010,qGttWHMmKG,
oKQLLxUG5H,Mon Dec 16 2019 11:47:09 GMT+0700 (Indochina Time),Mon Dec 16 2019 11:47:38 GMT+0700 (Indochina Time),null,"Forming Machine Setters, Operators, and Tenders, Metal and Plastic",51-4020,x6IWHcwGg7,
J7kNWyUIco,Mon Dec 16 2019 11:46:50 GMT+0700 (Indochina Time),Mon Dec 16 2019 11:47:17 GMT+0700 (Indochina Time),null,Fundraisers,13-1130,LvfuI3nUNJ,
jxjH1DERCR,Mon Dec 16 2019 11:47:02 GMT+0700 (Indochina Time),Mon Dec 16 2019 11:47:30 GMT+0700 (Indochina Time),null,Funeral Attendants,39-4020,K3RY1Nuyxv,
ryaEj0MCaq,Mon Dec 16 2019 11:47:11 GMT+0700 (Indochina Time),Mon Dec 16 2019 11:47:40 GMT+0700 (Indochina Time),null,"Furnace, Kiln, Oven, Drier, and Kettle Operators and Tenders",51-9050,7cRmoljVW5,
WC5GJ4ODU8,Mon Dec 16 2019 11:47:11 GMT+0700 (Indochina Time),Mon Dec 16 2019 11:47:39 GMT+0700 (Indochina Time),null,Furniture Finishers,51-7020,rlU6zIdXUK,
tAZhQLK3PV,Mon Dec 16 2019 11:47:04 GMT+0700 (Indochina Time),Mon Dec 16 2019 11:47:32 GMT+0700 (Indochina Time),null,Gambling Cage Workers,43-3040,YkjDihYrc3,
3N5BwaznsD,Mon Dec 16 2019 11:47:02 GMT+0700 (Indochina Time),Mon Dec 16 2019 11:47:30 GMT+0700 (Indochina Time),null,Gambling Services Workers,39-3010,CRYvlMkGVE,
pHA9xSUwnf,Mon Dec 16 2019 11:46:47 GMT+0700 (Indochina Time),Mon Dec 16 2019 11:47:15 GMT+0700 (Indochina Time),null,General and Operations Managers,11-1020,SFbWGrJJaZ,
7AzLgef8dD,Mon Dec 16 2019 11:47:06 GMT+0700 (Indochina Time),Mon Dec 16 2019 11:47:34 GMT+0700 (Indochina Time),null,Glaziers,47-2120,Sv5pbllYF3,
IV0XunnF6e,Mon Dec 16 2019 11:47:06 GMT+0700 (Indochina Time),Mon Dec 16 2019 11:47:33 GMT+0700 (Indochina Time),null,"Graders and Sorters, Agricultural Products",45-2040,Q2NAMw10G5,
sTg2DBMGON,Mon Dec 16 2019 11:47:01 GMT+0700 (Indochina Time),Mon Dec 16 2019 11:47:29 GMT+0700 (Indochina Time),null,Grounds Maintenance Workers,37-3010,vSOxJjkJiI,
gDDVrK59el,Mon Dec 16 2019 11:47:07 GMT+0700 (Indochina Time),Mon Dec 16 2019 11:47:35 GMT+0700 (Indochina Time),null,Hazardous Materials Removal Workers,47-4040,JzJYMdr2Nw,
4X4M8GYF4I,Mon Dec 16 2019 11:46:59 GMT+0700 (Indochina Time),Mon Dec 16 2019 11:47:27 GMT+0700 (Indochina Time),null,Health Information Technologists and Medical Registrars,29-9020,2UsblmeYrt,
Jj6Ai7ykov,Mon Dec 16 2019 11:46:59 GMT+0700 (Indochina Time),Mon Dec 16 2019 11:47:26 GMT+0700 (Indochina Time),null,Health Practitioner Support Technologists and Technicians,29-2050,tSSMCUDdk6,
02hM9ZCGfn,Mon Dec 16 2019 11:46:55 GMT+0700 (Indochina Time),Mon Dec 16 2019 11:47:22 GMT+0700 (Indochina Time),null,"Health Teachers, Postsecondary",25-1070,NaAEWDaKLO,
hYSPvBphvJ,Mon Dec 16 2019 11:47:09 GMT+0700 (Indochina Time),Mon Dec 16 2019 11:47:37 GMT+0700 (Indochina Time),null,"Heating, Air Conditioning, and Refrigeration Mechanics and Installers",49-9020,KPln6kKiDu,
ExwEkh3fyG,Mon Dec 16 2019 11:47:08 GMT+0700 (Indochina Time),Mon Dec 16 2019 11:47:36 GMT+0700 (Indochina Time),null,Heavy Vehicle and Mobile Equipment Service Technicians and Mechanics,49-3040,g9MtBg06Wh,
otyHBtaHJg,Mon Dec 16 2019 11:47:07 GMT+0700 (Indochina Time),Mon Dec 16 2019 11:47:35 GMT+0700 (Indochina Time),null,"Helpers, Construction Trades",47-3010,oENnSngtvI,
SZA9w09Gv1,Mon Dec 16 2019 11:47:08 GMT+0700 (Indochina Time),Mon Dec 16 2019 11:47:35 GMT+0700 (Indochina Time),null,Helpers--Extraction Workers,47-5080,vCBeliBZXm,
mMAeHsCCPw,Mon Dec 16 2019 11:47:07 GMT+0700 (Indochina Time),Mon Dec 16 2019 11:47:35 GMT+0700 (Indochina Time),null,Highway Maintenance Workers,47-4050,JzJYMdr2Nw,
jciDIYC8XE,Mon Dec 16 2019 11:47:14 GMT+0700 (Indochina Time),Mon Dec 16 2019 11:47:43 GMT+0700 (Indochina Time),null,Hoist and Winch Operators,53-7040,4SGn0EArdk,
V3opBTvM4C,Mon Dec 16 2019 11:47:09 GMT+0700 (Indochina Time),Mon Dec 16 2019 11:47:37 GMT+0700 (Indochina Time),null,Home Appliance Repairers,49-9030,KPln6kKiDu,
Hw4w8Ig5sA,Mon Dec 16 2019 11:46:59 GMT+0700 (Indochina Time),Mon Dec 16 2019 11:47:27 GMT+0700 (Indochina Time),null,Home Health and Personal Care Aides,31-1120,iqmL49qF7n,
pnLE4MpbCl,Mon Dec 16 2019 11:47:01 GMT+0700 (Indochina Time),Mon Dec 16 2019 11:47:29 GMT+0700 (Indochina Time),null,"Hosts and Hostesses, Restaurant, Lounge, and Coffee Shop",35-9030,7bGrl7vY9Q,
yL8Fz7atca,Mon Dec 16 2019 11:47:04 GMT+0700 (Indochina Time),Mon Dec 16 2019 11:47:32 GMT+0700 (Indochina Time),null,"Hotel, Motel, and Resort Desk Clerks",43-4080,BKczcV3owt,
qGqdjhROBl,Mon Dec 16 2019 11:47:04 GMT+0700 (Indochina Time),Mon Dec 16 2019 11:47:32 GMT+0700 (Indochina Time),null,"Human Resources Assistants, Except Payroll and Timekeeping",43-4160,BKczcV3owt,
QkRSvbJzDs,Mon Dec 16 2019 11:46:48 GMT+0700 (Indochina Time),Mon Dec 16 2019 11:47:16 GMT+0700 (Indochina Time),null,Human Resources Managers,20-Nov,BqetY0yG5F,
ufINp4F1HS,Mon Dec 16 2019 11:46:50 GMT+0700 (Indochina Time),Mon Dec 16 2019 11:47:17 GMT+0700 (Indochina Time),null,Human Resources Workers,13-1070,LvfuI3nUNJ,
iiXCmIMN4E,Mon Dec 16 2019 11:46:51 GMT+0700 (Indochina Time),Mon Dec 16 2019 11:47:19 GMT+0700 (Indochina Time),null,"Industrial Engineers, Including Health and Safety",17-2110,tvxz9DcNmv,
SDUPNWwDkV,Mon Dec 16 2019 11:47:09 GMT+0700 (Indochina Time),Mon Dec 16 2019 11:47:37 GMT+0700 (Indochina Time),null,"Industrial Machinery Installation, Repair, and Maintenance Workers",49-9040,KPln6kKiDu,
4ybXfXHw9Q,Mon Dec 16 2019 11:46:48 GMT+0700 (Indochina Time),Mon Dec 16 2019 11:47:16 GMT+0700 (Indochina Time),null,Industrial Production Managers,Nov-50,BqetY0yG5F,
sL0Kg2SsyP,Mon Dec 16 2019 11:47:14 GMT+0700 (Indochina Time),Mon Dec 16 2019 11:47:43 GMT+0700 (Indochina Time),null,Industrial Truck and Tractor Operators,53-7050,4SGn0EArdk,
g1GPwZtDUH,Mon Dec 16 2019 11:47:11 GMT+0700 (Indochina Time),Mon Dec 16 2019 11:47:40 GMT+0700 (Indochina Time),null,"Inspectors, Testers, Sorters, Samplers, and Weighers",51-9060,7cRmoljVW5,
ZwN5ljVM8u,Mon Dec 16 2019 11:46:56 GMT+0700 (Indochina Time),Mon Dec 16 2019 11:47:24 GMT+0700 (Indochina Time),null,Instructional Coordinators,25-9030,pcFnIswXJD,
Q4qXdOcZNx,Mon Dec 16 2019 11:47:06 GMT+0700 (Indochina Time),Mon Dec 16 2019 11:47:34 GMT+0700 (Indochina Time),null,Insulation Workers,47-2130,Sv5pbllYF3,
PVRnFhuaGR,Mon Dec 16 2019 11:47:05 GMT+0700 (Indochina Time),Mon Dec 16 2019 11:47:33 GMT+0700 (Indochina Time),null,Insurance Claims and Policy Processing Clerks,43-9040,yRLWTBPV44,
TIQd4JOIAX,Mon Dec 16 2019 11:47:02 GMT+0700 (Indochina Time),Mon Dec 16 2019 11:47:31 GMT+0700 (Indochina Time),null,Insurance Sales Agents,41-3020,fNFeKD586p,
QDqiuhneq1,Mon Dec 16 2019 11:47:04 GMT+0700 (Indochina Time),Mon Dec 16 2019 11:47:32 GMT+0700 (Indochina Time),null,"Interviewers, Except Eligibility and Loan",43-4110,BKczcV3owt,
tAhZBmLo9P,Mon Dec 16 2019 11:47:11 GMT+0700 (Indochina Time),Mon Dec 16 2019 11:47:40 GMT+0700 (Indochina Time),null,Jewelers and Precious Stone and Metal Workers,51-9070,7cRmoljVW5,
XBSkDyoiOU,Mon Dec 16 2019 11:46:54 GMT+0700 (Indochina Time),Mon Dec 16 2019 11:47:22 GMT+0700 (Indochina Time),null,"Judges, Magistrates, and Other Judicial Workers",23-1020,RQ32yuTqYv,
94W1BLBdSp,Mon Dec 16 2019 11:47:14 GMT+0700 (Indochina Time),Mon Dec 16 2019 11:47:43 GMT+0700 (Indochina Time),null,Laborers and Material Movers,53-7060,4SGn0EArdk,
LiJVJK4Cif,Mon Dec 16 2019 11:47:10 GMT+0700 (Indochina Time),Mon Dec 16 2019 11:47:39 GMT+0700 (Indochina Time),null,Laundry and Dry-Cleaning Workers,51-6010,WCRyd9IL0o,
6okfhOIJcG,Mon Dec 16 2019 11:46:55 GMT+0700 (Indochina Time),Mon Dec 16 2019 11:47:22 GMT+0700 (Indochina Time),null,"Law, Criminal Justice, and Social Work Teachers, Postsecondary",25-1110,NaAEWDaKLO,
YvKydq40AM,Mon Dec 16 2019 11:46:54 GMT+0700 (Indochina Time),Mon Dec 16 2019 11:47:21 GMT+0700 (Indochina Time),null,Lawyers and Judicial Law Clerks,23-1010,RQ32yuTqYv,
78SOYRghwD,Mon Dec 16 2019 11:46:47 GMT+0700 (Indochina Time),Mon Dec 16 2019 11:47:15 GMT+0700 (Indochina Time),null,Legislators,11-1030,SFbWGrJJaZ,
3NXhamWGBb,Mon Dec 16 2019 11:46:55 GMT+0700 (Indochina Time),Mon Dec 16 2019 11:47:23 GMT+0700 (Indochina Time),null,Librarians and Media Collections Specialists,25-4020,rDnSXXfG3Y,
xQIThjEjxA,Mon Dec 16 2019 11:47:04 GMT+0700 (Indochina Time),Mon Dec 16 2019 11:47:32 GMT+0700 (Indochina Time),null,"Library Assistants, Clerical",43-4120,BKczcV3owt,
SqoGqynn4x,Mon Dec 16 2019 11:46:55 GMT+0700 (Indochina Time),Mon Dec 16 2019 11:47:23 GMT+0700 (Indochina Time),null,Library Technicians,25-4030,rDnSXXfG3Y,
BD2YO9UU24,Mon Dec 16 2019 11:46:59 GMT+0700 (Indochina Time),Mon Dec 16 2019 11:47:26 GMT+0700 (Indochina Time),null,Licensed Practical and Licensed Vocational Nurses,29-2060,tSSMCUDdk6,
BDMMlfqSZt,Mon Dec 16 2019 11:46:55 GMT+0700 (Indochina Time),Mon Dec 16 2019 11:47:22 GMT+0700 (Indochina Time),null,"Life Sciences Teachers, Postsecondary",25-1040,NaAEWDaKLO,
AhTUmLHCeh,Mon Dec 16 2019 11:47:09 GMT+0700 (Indochina Time),Mon Dec 16 2019 11:47:37 GMT+0700 (Indochina Time),null,Line Installers and Repairers,49-9050,KPln6kKiDu,
WnS6LImQnx,Mon Dec 16 2019 11:47:04 GMT+0700 (Indochina Time),Mon Dec 16 2019 11:47:32 GMT+0700 (Indochina Time),null,Loan Interviewers and Clerks,43-4130,BKczcV3owt,
A8ZzLeEVi0,Mon Dec 16 2019 11:47:13 GMT+0700 (Indochina Time),Mon Dec 16 2019 11:47:41 GMT+0700 (Indochina Time),null,Locomotive Engineers and Operators,53-4010,FeM94s448v,
oqro29aDPK,Mon Dec 16 2019 11:46:49 GMT+0700 (Indochina Time),Mon Dec 16 2019 11:47:16 GMT+0700 (Indochina Time),null,Lodging Managers,Nov-80,YpvGY7IuFc,
YKoVHHKfqC,Mon Dec 16 2019 11:47:06 GMT+0700 (Indochina Time),Mon Dec 16 2019 11:47:33 GMT+0700 (Indochina Time),null,Logging Workers,45-4020,qGttWHMmKG,
wRr4dOqgoS,Mon Dec 16 2019 11:46:50 GMT+0700 (Indochina Time),Mon Dec 16 2019 11:47:17 GMT+0700 (Indochina Time),null,Logisticians and Project Management Specialists,13-1080,LvfuI3nUNJ,
ldxiImLYqt,Mon Dec 16 2019 11:47:09 GMT+0700 (Indochina Time),Mon Dec 16 2019 11:47:38 GMT+0700 (Indochina Time),null,"Machine Tool Cutting Setters, Operators, and Tenders, Metal and Plastic",51-4030,x6IWHcwGg7,
y1nNrsEoOf,Mon Dec 16 2019 11:47:10 GMT+0700 (Indochina Time),Mon Dec 16 2019 11:47:38 GMT+0700 (Indochina Time),null,Machinists,51-4040,x6IWHcwGg7,
OUqELIfzb1,Mon Dec 16 2019 11:47:05 GMT+0700 (Indochina Time),Mon Dec 16 2019 11:47:33 GMT+0700 (Indochina Time),null,"Mail Clerks and Mail Machine Operators, Except Postal Service",43-9050,yRLWTBPV44,
5mGp6JLCdf,Mon Dec 16 2019 11:47:09 GMT+0700 (Indochina Time),Mon Dec 16 2019 11:47:37 GMT+0700 (Indochina Time),null,"Maintenance and Repair Workers, General",49-9070,KPln6kKiDu,
Teqzr35RMD,Mon Dec 16 2019 11:46:50 GMT+0700 (Indochina Time),Mon Dec 16 2019 11:47:17 GMT+0700 (Indochina Time),null,Management Analysts,13-1110,LvfuI3nUNJ,
rv3KJbXSTn,Mon Dec 16 2019 11:46:51 GMT+0700 (Indochina Time),Mon Dec 16 2019 11:47:19 GMT+0700 (Indochina Time),null,Marine Engineers and Naval Architects,17-2120,tvxz9DcNmv,
mxbnPlEokf,Mon Dec 16 2019 11:46:50 GMT+0700 (Indochina Time),Mon Dec 16 2019 11:47:17 GMT+0700 (Indochina Time),null,Market Research Analysts and Marketing Specialists,13-1160,LvfuI3nUNJ,
jFypCJ0lai,Mon Dec 16 2019 11:46:47 GMT+0700 (Indochina Time),Mon Dec 16 2019 11:47:15 GMT+0700 (Indochina Time),null,Marketing and Sales Managers,20-Nov,TyASnZQARe,
XbS20i05R6,Mon Dec 16 2019 11:46:59 GMT+0700 (Indochina Time),Mon Dec 16 2019 11:47:27 GMT+0700 (Indochina Time),null,Massage Therapists,31-9010,3GOwY2TqdV,
TWJyOqUUB1,Mon Dec 16 2019 11:46:52 GMT+0700 (Indochina Time),Mon Dec 16 2019 11:47:19 GMT+0700 (Indochina Time),null,Materials Engineers,17-2130,tvxz9DcNmv,
wQRszB6El6,Mon Dec 16 2019 11:46:54 GMT+0700 (Indochina Time),Mon Dec 16 2019 11:47:22 GMT+0700 (Indochina Time),null,"Math and Computer Science Teachers, Postsecondary",25-1020,NaAEWDaKLO,
TGLfAxQtEZ,Mon Dec 16 2019 11:46:51 GMT+0700 (Indochina Time),Mon Dec 16 2019 11:47:18 GMT+0700 (Indochina Time),null,Mathematicians,15-2020,AaYEYVht0H,
rfTxWYfiCe,Mon Dec 16 2019 11:46:52 GMT+0700 (Indochina Time),Mon Dec 16 2019 11:47:19 GMT+0700 (Indochina Time),null,Mechanical Engineers,17-2140,tvxz9DcNmv,
LWr5fe0gtr,Mon Dec 16 2019 11:46:49 GMT+0700 (Indochina Time),Mon Dec 16 2019 11:47:16 GMT+0700 (Indochina Time),null,Medical and Health Services Managers,10-Nov,YpvGY7IuFc,
zWCQlIi9XF,Mon Dec 16 2019 11:46:59 GMT+0700 (Indochina Time),Mon Dec 16 2019 11:47:27 GMT+0700 (Indochina Time),null,Medical Records Specialists,29-2070,tSSMCUDdk6,
BzPj5KSZ2T,Mon Dec 16 2019 11:46:52 GMT+0700 (Indochina Time),Mon Dec 16 2019 11:47:20 GMT+0700 (Indochina Time),null,Medical Scientists,19-1040,sd9tP58XWQ,
Bp5R2FHnH8,Mon Dec 16 2019 11:46:50 GMT+0700 (Indochina Time),Mon Dec 16 2019 11:47:17 GMT+0700 (Indochina Time),null,"Meeting, Convention, and Event Planners",13-1120,LvfuI3nUNJ,
tuiAIGbvDL,Mon Dec 16 2019 11:47:10 GMT+0700 (Indochina Time),Mon Dec 16 2019 11:47:38 GMT+0700 (Indochina Time),null,"Metal Furnace Operators, Tenders, Pourers, and Casters",51-4050,x6IWHcwGg7,
eCNVz0N6WX,Mon Dec 16 2019 11:47:04 GMT+0700 (Indochina Time),Mon Dec 16 2019 11:47:32 GMT+0700 (Indochina Time),null,"Meter Readers, Utilities",43-5040,bFH3MPwZTa,
pgQpW7YcnF,Mon Dec 16 2019 11:47:14 GMT+0700 (Indochina Time),Mon Dec 16 2019 11:47:43 GMT+0700 (Indochina Time),null,Military Enlisted Tactical Operations and Air/Weapons Specialists and Crew Members,55-3010,aMtg80CY5V,
W0NS3m49Jg,Mon Dec 16 2019 11:47:14 GMT+0700 (Indochina Time),Tue Dec 17 2019 22:13:20 GMT+0700 (Indochina Time),null,Military Officer Special and Tactical Operations Leaders,55-1010,GgvRXklKop,
t0IKkcBaFu,Mon Dec 16 2019 11:46:52 GMT+0700 (Indochina Time),Mon Dec 16 2019 11:47:19 GMT+0700 (Indochina Time),null,"Mining and Geological Engineers, Including Mining Safety Engineers",17-2150,tvxz9DcNmv,
5obl35Rey8,Mon Dec 16 2019 11:47:06 GMT+0700 (Indochina Time),Mon Dec 16 2019 11:47:33 GMT+0700 (Indochina Time),null,Miscellaneous Agricultural Workers,45-2090,Q2NAMw10G5,
e2xVXwjO0e,Mon Dec 16 2019 11:47:09 GMT+0700 (Indochina Time),Mon Dec 16 2019 11:47:38 GMT+0700 (Indochina Time),null,Miscellaneous Assemblers and Fabricators,51-2090,rcSzzeidBc,
hiAVxYP2lD,Mon Dec 16 2019 11:46:50 GMT+0700 (Indochina Time),Mon Dec 16 2019 11:47:17 GMT+0700 (Indochina Time),null,Miscellaneous Business Operations Specialists,13-1190,LvfuI3nUNJ,
vxaGBDebE3,Mon Dec 16 2019 11:47:03 GMT+0700 (Indochina Time),Mon Dec 16 2019 11:47:31 GMT+0700 (Indochina Time),null,Miscellaneous Communications Equipment Operators,43-2090,9ub8oJhBCj,
P0FN8XM776,Mon Dec 16 2019 11:46:54 GMT+0700 (Indochina Time),Mon Dec 16 2019 11:47:21 GMT+0700 (Indochina Time),null,Miscellaneous Community and Social Service Specialists,21-1090,mlrGfs8JcW,
LRz0AM5Xi5,Mon Dec 16 2019 11:46:51 GMT+0700 (Indochina Time),Mon Dec 16 2019 11:47:18 GMT+0700 (Indochina Time),null,Miscellaneous Computer Occupations,15-1290,1EQSLbuvhv,
cBmvPDAIpm,Mon Dec 16 2019 11:47:07 GMT+0700 (Indochina Time),Mon Dec 16 2019 11:47:35 GMT+0700 (Indochina Time),null,Miscellaneous Construction and Related Workers,47-4090,JzJYMdr2Nw,
JpqRXqEpBV,Mon Dec 16 2019 11:46:56 GMT+0700 (Indochina Time),Mon Dec 16 2019 11:47:24 GMT+0700 (Indochina Time),null,Miscellaneous Educational Instruction and Library Workers,25-9090,pcFnIswXJD,
uDMYGVia3s,Mon Dec 16 2019 11:47:08 GMT+0700 (Indochina Time),Mon Dec 16 2019 11:47:36 GMT+0700 (Indochina Time),null,"Miscellaneous Electrical and Electronic Equipment Mechanics, Installers, and Repairers",49-2090,cAmyEQ4A21,
ah3rLs9Whm,Mon Dec 16 2019 11:46:52 GMT+0700 (Indochina Time),Mon Dec 16 2019 11:47:19 GMT+0700 (Indochina Time),null,Miscellaneous Engineers,17-2190,tvxz9DcNmv,
Wt0HSRTu9H,Mon Dec 16 2019 11:46:56 GMT+0700 (Indochina Time),Mon Dec 16 2019 11:47:24 GMT+0700 (Indochina Time),null,"Miscellaneous Entertainers and Performers, Sports and Related Workers",27-2090,1tanPg10O9,
pHsnQoeqa7,Mon Dec 16 2019 11:47:02 GMT+0700 (Indochina Time),Mon Dec 16 2019 11:47:30 GMT+0700 (Indochina Time),null,Miscellaneous Entertainment Attendants and Related Workers,39-3090,CRYvlMkGVE,
TZCX22cfS1,Mon Dec 16 2019 11:47:08 GMT+0700 (Indochina Time),Mon Dec 16 2019 11:47:36 GMT+0700 (Indochina Time),null,Miscellaneous Extraction Workers,47-5090,vCBeliBZXm,
IWj1S9RfPG,Mon Dec 16 2019 11:47:04 GMT+0700 (Indochina Time),Mon Dec 16 2019 11:47:32 GMT+0700 (Indochina Time),null,Miscellaneous Financial Clerks,43-3090,YkjDihYrc3,
eyJ6gQMAud,Mon Dec 16 2019 11:46:50 GMT+0700 (Indochina Time),Mon Dec 16 2019 11:47:18 GMT+0700 (Indochina Time),null,Miscellaneous Financial Specialists,13-2090,mwraCKL520,
8Gi0y2oMF8,Mon Dec 16 2019 11:47:00 GMT+0700 (Indochina Time),Mon Dec 16 2019 11:47:28 GMT+0700 (Indochina Time),null,"Miscellaneous First-Line Supervisors, Protective Service Workers",33-1090,oPjHB69Cnz,
5RXMYxPlk2,Mon Dec 16 2019 11:47:01 GMT+0700 (Indochina Time),Mon Dec 16 2019 11:47:29 GMT+0700 (Indochina Time),null,Miscellaneous Food Preparation and Serving Related Workers,35-9090,7bGrl7vY9Q,
ZwutRfGzTX,Mon Dec 16 2019 11:47:09 GMT+0700 (Indochina Time),Mon Dec 16 2019 11:47:38 GMT+0700 (Indochina Time),null,Miscellaneous Food Processing Workers,51-3090,JBCE1I8OUY,
mxtJTHgbEk,Mon Dec 16 2019 11:46:59 GMT+0700 (Indochina Time),Mon Dec 16 2019 11:47:27 GMT+0700 (Indochina Time),null,Miscellaneous Health Practitioners and Technical Workers,29-9090,2UsblmeYrt,
RmORGDrJi7,Mon Dec 16 2019 11:46:59 GMT+0700 (Indochina Time),Mon Dec 16 2019 11:47:27 GMT+0700 (Indochina Time),null,Miscellaneous Health Technologists and Technicians,29-2090,tSSMCUDdk6,
Jo3LNbAkVT,Mon Dec 16 2019 11:46:59 GMT+0700 (Indochina Time),Mon Dec 16 2019 11:47:26 GMT+0700 (Indochina Time),null,Miscellaneous Healthcare Diagnosing or Treating Practitioners,29-1290,XxBC3LdqsM,
71l8o4ew7u,Mon Dec 16 2019 11:46:59 GMT+0700 (Indochina Time),Mon Dec 16 2019 11:47:27 GMT+0700 (Indochina Time),null,Miscellaneous Healthcare Support Occupations,31-9090,3GOwY2TqdV,
jbo43DYYVk,Mon Dec 16 2019 11:47:04 GMT+0700 (Indochina Time),Mon Dec 16 2019 11:47:32 GMT+0700 (Indochina Time),null,Miscellaneous Information and Record Clerks,43-4190,BKczcV3owt,
fMij47L1so,Mon Dec 16 2019 11:47:09 GMT+0700 (Indochina Time),Mon Dec 16 2019 11:47:37 GMT+0700 (Indochina Time),null,"Miscellaneous Installation, Maintenance, and Repair Workers",49-9090,KPln6kKiDu,
FxDkmh7Atd,Mon Dec 16 2019 11:46:54 GMT+0700 (Indochina Time),Mon Dec 16 2019 11:47:22 GMT+0700 (Indochina Time),null,Miscellaneous Legal Support Workers,23-2090,nGeOHsZlSq,
YZB2R77DBs,Mon Dec 16 2019 11:46:52 GMT+0700 (Indochina Time),Mon Dec 16 2019 11:47:20 GMT+0700 (Indochina Time),null,Miscellaneous Life Scientists,19-1090,sd9tP58XWQ,
oJO2ta3FHg,Mon Dec 16 2019 11:46:53 GMT+0700 (Indochina Time),Mon Dec 16 2019 11:47:21 GMT+0700 (Indochina Time),null,"Miscellaneous Life, Physical, and Social Science Technicians",19-4090,g65RqINJSf,
E1bg2ciBge,Mon Dec 16 2019 11:46:49 GMT+0700 (Indochina Time),Mon Dec 16 2019 11:47:16 GMT+0700 (Indochina Time),null,Miscellaneous Managers,Nov-90,YpvGY7IuFc,
Zyb7LP6yBC,Mon Dec 16 2019 11:47:14 GMT+0700 (Indochina Time),Mon Dec 16 2019 11:47:43 GMT+0700 (Indochina Time),null,Miscellaneous Material Moving Workers,53-7190,4SGn0EArdk,
JL9UOjkex2,Mon Dec 16 2019 11:46:51 GMT+0700 (Indochina Time),Mon Dec 16 2019 11:47:18 GMT+0700 (Indochina Time),null,Miscellaneous Mathematical Science Occupations,15-2090,AaYEYVht0H,
zkpqgnmNef,Mon Dec 16 2019 11:46:57 GMT+0700 (Indochina Time),Mon Dec 16 2019 11:47:25 GMT+0700 (Indochina Time),null,Miscellaneous Media and Communication Equipment Workers,27-4090,llQQsDWj6p,
yTo5rla36A,Mon Dec 16 2019 11:46:56 GMT+0700 (Indochina Time),Mon Dec 16 2019 11:47:24 GMT+0700 (Indochina Time),null,Miscellaneous Media and Communication Workers,27-3090,SISWu82MiS,
ARVmWouEfP,Mon Dec 16 2019 11:47:10 GMT+0700 (Indochina Time),Mon Dec 16 2019 11:47:39 GMT+0700 (Indochina Time),null,Miscellaneous Metal Workers and Plastic Workers,51-4190,x6IWHcwGg7,
kNmbMsF7F0,Mon Dec 16 2019 11:47:13 GMT+0700 (Indochina Time),Mon Dec 16 2019 11:47:41 GMT+0700 (Indochina Time),null,Miscellaneous Motor Vehicle Operators,53-3090,IHUoHTI0gg,
1D6eda1MsQ,Mon Dec 16 2019 11:47:05 GMT+0700 (Indochina Time),Mon Dec 16 2019 11:47:33 GMT+0700 (Indochina Time),null,Miscellaneous Office and Administrative Support Workers,43-9190,yRLWTBPV44,
2XK21iiB98,Mon Dec 16 2019 11:47:02 GMT+0700 (Indochina Time),Mon Dec 16 2019 11:47:30 GMT+0700 (Indochina Time),null,Miscellaneous Personal Appearance Workers,39-5090,eQa7vBoPV8,
qXEagv38JH,Mon Dec 16 2019 11:47:02 GMT+0700 (Indochina Time),Mon Dec 16 2019 11:47:30 GMT+0700 (Indochina Time),null,Miscellaneous Personal Care and Service Workers,39-9090,xqbnVS1IMy,
YtAPYzF4vo,Mon Dec 16 2019 11:46:53 GMT+0700 (Indochina Time),Mon Dec 16 2019 11:47:20 GMT+0700 (Indochina Time),null,Miscellaneous Physical Scientists,19-2090,LJuInvaBhL,
cP4CZrLMqR,Mon Dec 16 2019 11:47:11 GMT+0700 (Indochina Time),Mon Dec 16 2019 11:47:40 GMT+0700 (Indochina Time),null,Miscellaneous Plant and System Operators,51-8090,2jYoDpD3xo,
u0NFuz1ZeB,Mon Dec 16 2019 11:46:55 GMT+0700 (Indochina Time),Mon Dec 16 2019 11:47:22 GMT+0700 (Indochina Time),null,Miscellaneous Postsecondary Teachers,25-1190,NaAEWDaKLO,
eGk7GhQwGG,Mon Dec 16 2019 11:47:12 GMT+0700 (Indochina Time),Mon Dec 16 2019 11:47:41 GMT+0700 (Indochina Time),null,Miscellaneous Production Workers,51-9190,7cRmoljVW5,
6XnD3z9yqH,Mon Dec 16 2019 11:47:00 GMT+0700 (Indochina Time),Mon Dec 16 2019 11:47:28 GMT+0700 (Indochina Time),null,Miscellaneous Protective Service Workers,33-9090,imSi8zVWWy,
HQLi2ZsbFz,Mon Dec 16 2019 11:47:13 GMT+0700 (Indochina Time),Mon Dec 16 2019 11:47:42 GMT+0700 (Indochina Time),null,Miscellaneous Rail Transportation Workers,53-4090,FeM94s448v,
eQGNmL8aw9,Mon Dec 16 2019 11:46:54 GMT+0700 (Indochina Time),Mon Dec 16 2019 11:47:21 GMT+0700 (Indochina Time),null,Miscellaneous Religious Workers,21-2090,GNUFymWUmG,
fpkgDmfZK7,Mon Dec 16 2019 11:47:03 GMT+0700 (Indochina Time),Mon Dec 16 2019 11:47:31 GMT+0700 (Indochina Time),null,Miscellaneous Sales and Related Workers,41-9090,ToOWtkpML8,
CE5x0KuIh5,Mon Dec 16 2019 11:47:03 GMT+0700 (Indochina Time),Mon Dec 16 2019 11:47:31 GMT+0700 (Indochina Time),null,"Miscellaneous Sales Representatives, Services",41-3090,fNFeKD586p,
eesaI0DuCH,Mon Dec 16 2019 11:46:53 GMT+0700 (Indochina Time),Mon Dec 16 2019 11:47:20 GMT+0700 (Indochina Time),null,Miscellaneous Social Scientists and Related Workers,19-3090,zDdkFOuHSt,
Uh1I3xn1VD,Mon Dec 16 2019 11:46:55 GMT+0700 (Indochina Time),Mon Dec 16 2019 11:47:23 GMT+0700 (Indochina Time),null,Miscellaneous Teachers and Instructors,25-3090,czIHdFw3dF,
YyJawPb6eu,Mon Dec 16 2019 11:47:11 GMT+0700 (Indochina Time),Mon Dec 16 2019 11:47:39 GMT+0700 (Indochina Time),null,"Miscellaneous Textile, Apparel, and Furnishings Workers",51-6090,WCRyd9IL0o,
f5AjfHzAoC,Mon Dec 16 2019 11:47:13 GMT+0700 (Indochina Time),Mon Dec 16 2019 11:47:42 GMT+0700 (Indochina Time),null,Miscellaneous Transportation Workers,53-6090,VbcUN3CCNS,
ZPHtZ45P6l,Mon Dec 16 2019 11:47:08 GMT+0700 (Indochina Time),Mon Dec 16 2019 11:47:36 GMT+0700 (Indochina Time),null,"Miscellaneous Vehicle and Mobile Equipment Mechanics, Installers, and Repairers",49-3090,g9MtBg06Wh,
c2qBdUpBNl,Mon Dec 16 2019 11:47:11 GMT+0700 (Indochina Time),Mon Dec 16 2019 11:47:40 GMT+0700 (Indochina Time),null,Miscellaneous Woodworkers,51-7090,rlU6zIdXUK,
R4Wbrku7Ry,Mon Dec 16 2019 11:47:10 GMT+0700 (Indochina Time),Mon Dec 16 2019 11:47:38 GMT+0700 (Indochina Time),null,"Model Makers and Patternmakers, Metal and Plastic",51-4060,x6IWHcwGg7,
712BXnOYeE,Mon Dec 16 2019 11:47:11 GMT+0700 (Indochina Time),Mon Dec 16 2019 11:47:40 GMT+0700 (Indochina Time),null,"Model Makers and Patternmakers, Wood",51-7030,rlU6zIdXUK,
xM6vqFkXqn,Mon Dec 16 2019 11:47:03 GMT+0700 (Indochina Time),Mon Dec 16 2019 11:47:31 GMT+0700 (Indochina Time),null,"Models, Demonstrators, and Product Promoters",41-9010,ToOWtkpML8,
LMQqVkTF7n,Mon Dec 16 2019 11:47:10 GMT+0700 (Indochina Time),Mon Dec 16 2019 11:47:38 GMT+0700 (Indochina Time),null,"Molders and Molding Machine Setters, Operators, and Tenders, Metal and Plastic",51-4070,x6IWHcwGg7,
1F1mFQHqac,Mon Dec 16 2019 11:47:02 GMT+0700 (Indochina Time),Mon Dec 16 2019 11:47:30 GMT+0700 (Indochina Time),null,"Morticians, Undertakers, and Funeral Arrangers",39-4030,K3RY1Nuyxv,
jg8hAy73Ed,Mon Dec 16 2019 11:47:02 GMT+0700 (Indochina Time),Mon Dec 16 2019 11:47:30 GMT+0700 (Indochina Time),null,Motion Picture Projectionists,39-3020,CRYvlMkGVE,
QzX934xbuT,Mon Dec 16 2019 11:47:10 GMT+0700 (Indochina Time),Mon Dec 16 2019 11:47:38 GMT+0700 (Indochina Time),null,"Multiple Machine Tool Setters, Operators, and Tenders, Metal and Plastic",51-4080,x6IWHcwGg7,
4rKusT1NuB,Mon Dec 16 2019 11:46:56 GMT+0700 (Indochina Time),Mon Dec 16 2019 11:47:24 GMT+0700 (Indochina Time),null,"Musicians, Singers, and Related Workers",27-2040,1tanPg10O9,
qFHGFhHxx3,Mon Dec 16 2019 11:46:49 GMT+0700 (Indochina Time),Mon Dec 16 2019 11:47:16 GMT+0700 (Indochina Time),null,Natural Sciences Managers,20-Nov,YpvGY7IuFc,
njbxRJYJCV,Mon Dec 16 2019 11:47:04 GMT+0700 (Indochina Time),Mon Dec 16 2019 11:47:32 GMT+0700 (Indochina Time),null,New Accounts Clerks,43-4140,BKczcV3owt,
QpisujpsPY,Mon Dec 16 2019 11:46:56 GMT+0700 (Indochina Time),Mon Dec 16 2019 11:47:24 GMT+0700 (Indochina Time),null,"News Analysts, Reporters and Journalists",27-3020,SISWu82MiS,
wvAVKXWxzF,Mon Dec 16 2019 11:46:52 GMT+0700 (Indochina Time),Mon Dec 16 2019 11:47:19 GMT+0700 (Indochina Time),null,Nuclear Engineers,17-2160,tvxz9DcNmv,
gK8oEq2qIV,Mon Dec 16 2019 11:46:53 GMT+0700 (Indochina Time),Mon Dec 16 2019 11:47:20 GMT+0700 (Indochina Time),null,Nuclear Technicians,19-4050,g65RqINJSf,
gKWyKCIjBk,Mon Dec 16 2019 11:46:58 GMT+0700 (Indochina Time),Mon Dec 16 2019 11:47:25 GMT+0700 (Indochina Time),null,Nurse Anesthetists,29-1150,XxBC3LdqsM,
4YxyuTTmrN,Mon Dec 16 2019 11:46:58 GMT+0700 (Indochina Time),Mon Dec 16 2019 11:47:25 GMT+0700 (Indochina Time),null,Nurse Midwives,29-1160,XxBC3LdqsM,
9Yzi5c70eB,Mon Dec 16 2019 11:46:58 GMT+0700 (Indochina Time),Mon Dec 16 2019 11:47:25 GMT+0700 (Indochina Time),null,Nurse Practitioners,29-1170,XxBC3LdqsM,
qkiqDVaoIW,Mon Dec 16 2019 11:46:59 GMT+0700 (Indochina Time),Mon Dec 16 2019 11:47:27 GMT+0700 (Indochina Time),null,"Nursing Assistants, Orderlies, and Psychiatric Aides",31-1130,iqmL49qF7n,
O4tfUSh5NJ,Mon Dec 16 2019 11:46:53 GMT+0700 (Indochina Time),Mon Dec 16 2019 11:47:21 GMT+0700 (Indochina Time),null,Occupational Health and Safety Specialists and Technicians,19-5010,PEOGlQYpz8,
8AyfAgDRry,Mon Dec 16 2019 11:46:59 GMT+0700 (Indochina Time),Mon Dec 16 2019 11:47:27 GMT+0700 (Indochina Time),null,Occupational Therapy Assistants and Aides,31-2010,F0SFbiDtjI,
QIkrK3OefW,Mon Dec 16 2019 11:47:05 GMT+0700 (Indochina Time),Mon Dec 16 2019 11:47:33 GMT+0700 (Indochina Time),null,"Office Clerks, General",43-9060,yRLWTBPV44,
97i5qxC2ZI,Mon Dec 16 2019 11:47:05 GMT+0700 (Indochina Time),Mon Dec 16 2019 11:47:33 GMT+0700 (Indochina Time),null,"Office Machine Operators, Except Computer",43-9070,yRLWTBPV44,
EnvdKD6Kti,Mon Dec 16 2019 11:46:51 GMT+0700 (Indochina Time),Mon Dec 16 2019 11:47:18 GMT+0700 (Indochina Time),null,Operations Research Analysts,15-2030,AaYEYVht0H,
0ZDxFoFd7o,Mon Dec 16 2019 11:46:59 GMT+0700 (Indochina Time),Mon Dec 16 2019 11:47:27 GMT+0700 (Indochina Time),null,"Opticians, Dispensing",29-2080,tSSMCUDdk6,
oGnzAAeHVf,Mon Dec 16 2019 11:46:57 GMT+0700 (Indochina Time),Mon Dec 16 2019 11:47:25 GMT+0700 (Indochina Time),null,Optometrists,29-1040,XxBC3LdqsM,
Hy3rQFGyUR,Mon Dec 16 2019 11:47:04 GMT+0700 (Indochina Time),Mon Dec 16 2019 11:47:32 GMT+0700 (Indochina Time),null,Order Clerks,43-4150,BKczcV3owt,
GWdFOrsdcT,Mon Dec 16 2019 11:47:12 GMT+0700 (Indochina Time),Mon Dec 16 2019 11:47:41 GMT+0700 (Indochina Time),null,Packaging and Filling Machine Operators and Tenders,51-9110,7cRmoljVW5,
zbAkBRBiJo,Mon Dec 16 2019 11:47:06 GMT+0700 (Indochina Time),Mon Dec 16 2019 11:47:34 GMT+0700 (Indochina Time),null,Painters and Paperhangers,47-2140,Sv5pbllYF3,
IkhGtIqzST,Mon Dec 16 2019 11:47:12 GMT+0700 (Indochina Time),Mon Dec 16 2019 11:47:41 GMT+0700 (Indochina Time),null,Painting Workers,51-9120,7cRmoljVW5,
k1eURwbWP4,Mon Dec 16 2019 11:46:54 GMT+0700 (Indochina Time),Mon Dec 16 2019 11:47:22 GMT+0700 (Indochina Time),null,Paralegals and Legal Assistants,23-2010,nGeOHsZlSq,
HLjR1mgd0b,Mon Dec 16 2019 11:47:13 GMT+0700 (Indochina Time),Mon Dec 16 2019 11:47:42 GMT+0700 (Indochina Time),null,Parking Attendants,53-6020,VbcUN3CCNS,
qrDAxEi3Lj,Mon Dec 16 2019 11:47:00 GMT+0700 (Indochina Time),Mon Dec 16 2019 11:47:28 GMT+0700 (Indochina Time),null,Parking Enforcement Workers,33-3040,R46IHFI2SL,
aCi7vWcMUb,Mon Dec 16 2019 11:47:13 GMT+0700 (Indochina Time),Mon Dec 16 2019 11:47:42 GMT+0700 (Indochina Time),null,Passenger Attendants,53-6060,VbcUN3CCNS,
Cm3zSUMeFA,Mon Dec 16 2019 11:47:13 GMT+0700 (Indochina Time),Mon Dec 16 2019 11:47:41 GMT+0700 (Indochina Time),null,Passenger Vehicle Drivers,53-3050,IHUoHTI0gg,
4MFYH5P7ea,Mon Dec 16 2019 11:47:04 GMT+0700 (Indochina Time),Mon Dec 16 2019 11:47:32 GMT+0700 (Indochina Time),null,Payroll and Timekeeping Clerks,43-3050,YkjDihYrc3,
E6brIiWSJX,Mon Dec 16 2019 11:46:49 GMT+0700 (Indochina Time),Mon Dec 16 2019 11:47:16 GMT+0700 (Indochina Time),null,Personal Service Managers,Nov-70,YpvGY7IuFc,
zTSFt2mfDI,Mon Dec 16 2019 11:47:01 GMT+0700 (Indochina Time),Mon Dec 16 2019 11:47:29 GMT+0700 (Indochina Time),null,Pest Control Workers,37-2020,giJvMF2rOu,
sda376JCvY,Mon Dec 16 2019 11:46:52 GMT+0700 (Indochina Time),Mon Dec 16 2019 11:47:19 GMT+0700 (Indochina Time),null,Petroleum Engineers,17-2170,tvxz9DcNmv,
TEdDUp2h6t,Mon Dec 16 2019 11:46:57 GMT+0700 (Indochina Time),Mon Dec 16 2019 11:47:25 GMT+0700 (Indochina Time),null,Pharmacists,29-1050,XxBC3LdqsM,
WtK21TuRiY,Mon Dec 16 2019 11:46:57 GMT+0700 (Indochina Time),Mon Dec 16 2019 11:47:25 GMT+0700 (Indochina Time),null,Photographers,27-4020,llQQsDWj6p,
V5CcGngmJ8,Mon Dec 16 2019 11:47:12 GMT+0700 (Indochina Time),Mon Dec 16 2019 11:47:41 GMT+0700 (Indochina Time),null,Photographic Process Workers and Processing Machine Operators,51-9150,7cRmoljVW5,
9gO7CkY5pD,Mon Dec 16 2019 11:46:55 GMT+0700 (Indochina Time),Mon Dec 16 2019 11:47:22 GMT+0700 (Indochina Time),null,"Physical Sciences Teachers, Postsecondary",25-1050,NaAEWDaKLO,
TmTsTfpssc,Mon Dec 16 2019 11:46:59 GMT+0700 (Indochina Time),Mon Dec 16 2019 11:47:27 GMT+0700 (Indochina Time),null,Physical Therapist Assistants and Aides,31-2020,F0SFbiDtjI,
FURcZoTB2Q,Mon Dec 16 2019 11:46:57 GMT+0700 (Indochina Time),Mon Dec 16 2019 11:47:25 GMT+0700 (Indochina Time),null,Physician Assistants,29-1070,XxBC3LdqsM,
TWPXwu4I0W,Mon Dec 16 2019 11:46:58 GMT+0700 (Indochina Time),Mon Dec 16 2019 11:47:25 GMT+0700 (Indochina Time),null,Physicians,29-1210,XxBC3LdqsM,
0XdPY8S7QO,Mon Dec 16 2019 11:47:06 GMT+0700 (Indochina Time),Mon Dec 16 2019 11:47:34 GMT+0700 (Indochina Time),null,"Pipelayers, Plumbers, Pipefitters, and Steamfitters",47-2150,Sv5pbllYF3,
RBBcAmE6tu,Mon Dec 16 2019 11:47:07 GMT+0700 (Indochina Time),Mon Dec 16 2019 11:47:35 GMT+0700 (Indochina Time),null,Plasterers and Stucco Masons,47-2160,Sv5pbllYF3,
AnATSWABBK,Mon Dec 16 2019 11:46:57 GMT+0700 (Indochina Time),Mon Dec 16 2019 11:47:25 GMT+0700 (Indochina Time),null,Podiatrists,29-1080,XxBC3LdqsM,
sBFIzx8BfB,Mon Dec 16 2019 11:47:00 GMT+0700 (Indochina Time),Mon Dec 16 2019 11:47:28 GMT+0700 (Indochina Time),null,Police Officers,33-3050,R46IHFI2SL,
RTOKrdDYI3,Mon Dec 16 2019 11:47:04 GMT+0700 (Indochina Time),Mon Dec 16 2019 11:47:32 GMT+0700 (Indochina Time),null,Postal Service Workers,43-5050,bFH3MPwZTa,
I6pF5Jzf7V,Mon Dec 16 2019 11:46:49 GMT+0700 (Indochina Time),Mon Dec 16 2019 11:47:16 GMT+0700 (Indochina Time),null,Postmasters and Mail Superintendents,30-Nov,YpvGY7IuFc,
LOvYEd3yBR,Mon Dec 16 2019 11:47:11 GMT+0700 (Indochina Time),Mon Dec 16 2019 11:47:40 GMT+0700 (Indochina Time),null,"Power Plant Operators, Distributors, and Dispatchers",51-8010,2jYoDpD3xo,
uDOE3aWLcx,Mon Dec 16 2019 11:47:09 GMT+0700 (Indochina Time),Mon Dec 16 2019 11:47:37 GMT+0700 (Indochina Time),null,Precision Instrument and Equipment Repairers,49-9060,KPln6kKiDu,
4F4FMxd0UG,Mon Dec 16 2019 11:46:55 GMT+0700 (Indochina Time),Mon Dec 16 2019 11:47:23 GMT+0700 (Indochina Time),null,Preschool and Kindergarten Teachers,25-2010,cHhHoOkOI3,
2qjsmtFW8Y,Mon Dec 16 2019 11:47:10 GMT+0700 (Indochina Time),Mon Dec 16 2019 11:47:39 GMT+0700 (Indochina Time),null,"Pressers, Textile, Garment, and Related Materials",51-6020,WCRyd9IL0o,
btPOt2KSlV,Mon Dec 16 2019 11:47:10 GMT+0700 (Indochina Time),Mon Dec 16 2019 11:47:39 GMT+0700 (Indochina Time),null,Printing Workers,51-5110,SkVwSkUs8c,
rk4qYvvsIh,Mon Dec 16 2019 11:47:00 GMT+0700 (Indochina Time),Mon Dec 16 2019 11:47:28 GMT+0700 (Indochina Time),null,Private Detectives and Investigators,33-9020,imSi8zVWWy,
R73Mlw9pEG,Mon Dec 16 2019 11:47:04 GMT+0700 (Indochina Time),Mon Dec 16 2019 11:47:32 GMT+0700 (Indochina Time),null,Procurement Clerks,43-3060,YkjDihYrc3,
TFR1LGyrPr,Mon Dec 16 2019 11:47:05 GMT+0700 (Indochina Time),Mon Dec 16 2019 11:47:33 GMT+0700 (Indochina Time),null,"Production, Planning, and Expediting Clerks",43-5060,bFH3MPwZTa,
BYAAqBjafu,Mon Dec 16 2019 11:47:05 GMT+0700 (Indochina Time),Mon Dec 16 2019 11:47:33 GMT+0700 (Indochina Time),null,Proofreaders and Copy Markers,43-9080,yRLWTBPV44,
f0TV3JZITf,Mon Dec 16 2019 11:46:50 GMT+0700 (Indochina Time),Mon Dec 16 2019 11:47:17 GMT+0700 (Indochina Time),null,Property Appraisers and Assessors,13-2020,mwraCKL520,
fVl4iWbZBn,Mon Dec 16 2019 11:46:49 GMT+0700 (Indochina Time),Mon Dec 16 2019 11:47:16 GMT+0700 (Indochina Time),null,"Property, Real Estate, and Community Association Managers",Nov-40,YpvGY7IuFc,
kWtlzSX42T,Mon Dec 16 2019 11:46:53 GMT+0700 (Indochina Time),Mon Dec 16 2019 11:47:20 GMT+0700 (Indochina Time),null,Psychologists,19-3030,zDdkFOuHSt,
8EuHmaxS63,Mon Dec 16 2019 11:46:47 GMT+0700 (Indochina Time),Mon Dec 16 2019 11:47:15 GMT+0700 (Indochina Time),null,Public Relations and Fundraising Managers,30-Nov,TyASnZQARe,
gUWsjMI34Q,Mon Dec 16 2019 11:46:56 GMT+0700 (Indochina Time),Mon Dec 16 2019 11:47:24 GMT+0700 (Indochina Time),null,Public Relations Specialists,27-3030,SISWu82MiS,
w0sa3Y4yqY,Mon Dec 16 2019 11:47:14 GMT+0700 (Indochina Time),Mon Dec 16 2019 11:47:43 GMT+0700 (Indochina Time),null,Pumping Station Operators,53-7070,4SGn0EArdk,
6kVIpixUdc,Mon Dec 16 2019 11:46:48 GMT+0700 (Indochina Time),Mon Dec 16 2019 11:47:16 GMT+0700 (Indochina Time),null,Purchasing Managers,Nov-60,BqetY0yG5F,
uk8AGwhKAx,Mon Dec 16 2019 11:47:08 GMT+0700 (Indochina Time),Mon Dec 16 2019 11:47:36 GMT+0700 (Indochina Time),null,Radio and Telecommunications Equipment Installers and Repairers,49-2020,cAmyEQ4A21,
3YGOfFO2WY,Mon Dec 16 2019 11:47:13 GMT+0700 (Indochina Time),Mon Dec 16 2019 11:47:42 GMT+0700 (Indochina Time),null,"Railroad Brake, Signal, and Switch Operators and Locomotive Firers",53-4020,FeM94s448v,
5Et8ob9eDs,Mon Dec 16 2019 11:47:13 GMT+0700 (Indochina Time),Mon Dec 16 2019 11:47:42 GMT+0700 (Indochina Time),null,Railroad Conductors and Yardmasters,53-4030,FeM94s448v,
l9FXrQLZ3k,Mon Dec 16 2019 11:47:07 GMT+0700 (Indochina Time),Mon Dec 16 2019 11:47:35 GMT+0700 (Indochina Time),null,Rail-Track Laying and Maintenance Equipment Operators,47-4060,JzJYMdr2Nw,
nMHQHMdLxo,Mon Dec 16 2019 11:47:03 GMT+0700 (Indochina Time),Mon Dec 16 2019 11:47:31 GMT+0700 (Indochina Time),null,Real Estate Brokers and Sales Agents,41-9020,ToOWtkpML8,
VZGdZ5cSYW,Mon Dec 16 2019 11:47:04 GMT+0700 (Indochina Time),Mon Dec 16 2019 11:47:32 GMT+0700 (Indochina Time),null,Receptionists and Information Clerks,43-4170,BKczcV3owt,
JVaO1VX9Hj,Mon Dec 16 2019 11:47:02 GMT+0700 (Indochina Time),Mon Dec 16 2019 11:47:30 GMT+0700 (Indochina Time),null,Recreation and Fitness Workers,39-9030,xqbnVS1IMy,
GaoWBZWfOJ,Mon Dec 16 2019 11:47:14 GMT+0700 (Indochina Time),Mon Dec 16 2019 11:47:43 GMT+0700 (Indochina Time),null,Refuse and Recyclable Material Collectors,53-7080,4SGn0EArdk,
3kSZK4H3hY,Mon Dec 16 2019 11:46:58 GMT+0700 (Indochina Time),Mon Dec 16 2019 11:47:25 GMT+0700 (Indochina Time),null,Registered Nurses,29-1140,XxBC3LdqsM,
5slkqyMVZE,Mon Dec 16 2019 11:47:07 GMT+0700 (Indochina Time),Mon Dec 16 2019 11:47:35 GMT+0700 (Indochina Time),null,Reinforcing Iron and Rebar Workers,47-2170,Sv5pbllYF3,
PAkHhs1fE9,Mon Dec 16 2019 11:47:04 GMT+0700 (Indochina Time),Mon Dec 16 2019 11:47:32 GMT+0700 (Indochina Time),null,Reservation and Transportation Ticket Agents and Travel Clerks,43-4180,BKczcV3owt,
mljzWYUwgw,Mon Dec 16 2019 11:47:02 GMT+0700 (Indochina Time),Mon Dec 16 2019 11:47:30 GMT+0700 (Indochina Time),null,Residential Advisors,39-9040,xqbnVS1IMy,
GwxsRbBUno,Mon Dec 16 2019 11:47:02 GMT+0700 (Indochina Time),Mon Dec 16 2019 11:47:31 GMT+0700 (Indochina Time),null,Retail Salespersons,41-2030,FBeQW1ZaVW,
7OAdioVDVg,Mon Dec 16 2019 11:47:08 GMT+0700 (Indochina Time),Mon Dec 16 2019 11:47:35 GMT+0700 (Indochina Time),null,"Rock Splitters, Quarry",47-5050,vCBeliBZXm,
UrY4y2I0nD,Mon Dec 16 2019 11:47:07 GMT+0700 (Indochina Time),Mon Dec 16 2019 11:47:35 GMT+0700 (Indochina Time),null,Roofers,47-2180,Sv5pbllYF3,
WeJjodhKHP,Mon Dec 16 2019 11:47:08 GMT+0700 (Indochina Time),Mon Dec 16 2019 11:47:35 GMT+0700 (Indochina Time),null,"Roustabouts, Oil and Gas",47-5070,vCBeliBZXm,
3UEaSjurIf,Mon Dec 16 2019 11:47:13 GMT+0700 (Indochina Time),Mon Dec 16 2019 11:47:42 GMT+0700 (Indochina Time),null,Sailors and Marine Oilers,53-5010,z5S64JilXn,
IgY8gvJECt,Mon Dec 16 2019 11:47:03 GMT+0700 (Indochina Time),Mon Dec 16 2019 11:47:31 GMT+0700 (Indochina Time),null,Sales Engineers,41-9030,ToOWtkpML8,
gsGJHC9FQ4,Mon Dec 16 2019 11:47:03 GMT+0700 (Indochina Time),Mon Dec 16 2019 11:47:31 GMT+0700 (Indochina Time),null,"Sales Representatives, Wholesale and Manufacturing",41-4010,VrDXduD6va,
NxJT4ZBns0,Mon Dec 16 2019 11:46:55 GMT+0700 (Indochina Time),Mon Dec 16 2019 11:47:23 GMT+0700 (Indochina Time),null,Secondary School Teachers,25-2030,cHhHoOkOI3,
GtQdHo1xHg,Mon Dec 16 2019 11:47:05 GMT+0700 (Indochina Time),Mon Dec 16 2019 11:47:33 GMT+0700 (Indochina Time),null,Secretaries and Administrative Assistants,43-6010,LnboOgDeGi,
b1DC0IEgHV,Mon Dec 16 2019 11:47:02 GMT+0700 (Indochina Time),Mon Dec 16 2019 11:47:31 GMT+0700 (Indochina Time),null,"Securities, Commodities, and Financial Services Sales Agents",41-3030,fNFeKD586p,
NlknovYMBE,Mon Dec 16 2019 11:47:00 GMT+0700 (Indochina Time),Mon Dec 16 2019 11:47:28 GMT+0700 (Indochina Time),null,Security Guards and Gambling Surveillance Officers,33-9030,imSi8zVWWy,
3j7jClhFbE,Mon Dec 16 2019 11:46:55 GMT+0700 (Indochina Time),Mon Dec 16 2019 11:47:23 GMT+0700 (Indochina Time),null,Self-Enrichment Teachers,25-3020,czIHdFw3dF,
jYycrEeRg3,Mon Dec 16 2019 11:47:12 GMT+0700 (Indochina Time),Mon Dec 16 2019 11:47:41 GMT+0700 (Indochina Time),null,Semiconductor Processing Technicians,51-9140,7cRmoljVW5,
4uU3cuO3oP,Mon Dec 16 2019 11:47:07 GMT+0700 (Indochina Time),Mon Dec 16 2019 11:47:35 GMT+0700 (Indochina Time),null,Septic Tank Servicers and Sewer Pipe Cleaners,47-4070,JzJYMdr2Nw,
vAIzAUsl6q,Mon Dec 16 2019 11:47:10 GMT+0700 (Indochina Time),Mon Dec 16 2019 11:47:39 GMT+0700 (Indochina Time),null,Sewing Machine Operators,51-6030,WCRyd9IL0o,
Gg7De0DZ88,Mon Dec 16 2019 11:47:07 GMT+0700 (Indochina Time),Mon Dec 16 2019 11:47:35 GMT+0700 (Indochina Time),null,Sheet Metal Workers,47-2210,Sv5pbllYF3,
9pABl5nSwL,Mon Dec 16 2019 11:47:13 GMT+0700 (Indochina Time),Mon Dec 16 2019 11:47:42 GMT+0700 (Indochina Time),null,Ship and Boat Captains and Operators,53-5020,z5S64JilXn,
fC3oIs6aHh,Mon Dec 16 2019 11:47:13 GMT+0700 (Indochina Time),Mon Dec 16 2019 11:47:42 GMT+0700 (Indochina Time),null,Ship Engineers,53-5030,z5S64JilXn,
Ym1h4fGeDf,Mon Dec 16 2019 11:47:05 GMT+0700 (Indochina Time),Mon Dec 16 2019 11:47:33 GMT+0700 (Indochina Time),null,"Shipping, Receiving, and Inventory Clerks",43-5070,bFH3MPwZTa,
QFWspiEqub,Mon Dec 16 2019 11:47:10 GMT+0700 (Indochina Time),Mon Dec 16 2019 11:47:39 GMT+0700 (Indochina Time),null,Shoe and Leather Workers,51-6040,WCRyd9IL0o,
XQODSFvxqO,Mon Dec 16 2019 11:47:08 GMT+0700 (Indochina Time),Mon Dec 16 2019 11:47:36 GMT+0700 (Indochina Time),null,Small Engine Mechanics,49-3050,g9MtBg06Wh,
AQeUTgP4aQ,Mon Dec 16 2019 11:46:49 GMT+0700 (Indochina Time),Mon Dec 16 2019 11:47:16 GMT+0700 (Indochina Time),null,Social and Community Service Managers,Nov-50,YpvGY7IuFc,
i1Dgvrm6tj,Mon Dec 16 2019 11:46:53 GMT+0700 (Indochina Time),Mon Dec 16 2019 11:47:20 GMT+0700 (Indochina Time),null,Social Science Research Assistants,19-4060,g65RqINJSf,
AhLPyl6ikG,Mon Dec 16 2019 11:46:55 GMT+0700 (Indochina Time),Mon Dec 16 2019 11:47:22 GMT+0700 (Indochina Time),null,"Social Sciences Teachers, Postsecondary",25-1060,NaAEWDaKLO,
bt8IeCnlRj,Mon Dec 16 2019 11:46:53 GMT+0700 (Indochina Time),Mon Dec 16 2019 11:47:21 GMT+0700 (Indochina Time),null,Social Workers,21-1020,mlrGfs8JcW,
PaE1bweBxp,Mon Dec 16 2019 11:46:53 GMT+0700 (Indochina Time),Mon Dec 16 2019 11:47:20 GMT+0700 (Indochina Time),null,Sociologists,19-3040,zDdkFOuHSt,
aZ4MP1i4Ie,Mon Dec 16 2019 11:46:51 GMT+0700 (Indochina Time),Mon Dec 16 2019 11:47:18 GMT+0700 (Indochina Time),null,"Software and Web Developers, Programmers, and Testers",15-1250,1EQSLbuvhv,
XacPiKkGxv,Mon Dec 16 2019 11:47:07 GMT+0700 (Indochina Time),Mon Dec 16 2019 11:47:35 GMT+0700 (Indochina Time),null,Solar Photovoltaic Installers,47-2230,Sv5pbllYF3,
1c7CkcHAFo,Mon Dec 16 2019 11:46:55 GMT+0700 (Indochina Time),Mon Dec 16 2019 11:47:23 GMT+0700 (Indochina Time),null,Special Education Teachers,25-2050,cHhHoOkOI3,
EQx7Mp2RO8,Mon Dec 16 2019 11:47:11 GMT+0700 (Indochina Time),Mon Dec 16 2019 11:47:40 GMT+0700 (Indochina Time),null,Stationary Engineers and Boiler Operators,51-8020,2jYoDpD3xo,
EwzBEPpCfW,Mon Dec 16 2019 11:47:05 GMT+0700 (Indochina Time),Mon Dec 16 2019 11:47:33 GMT+0700 (Indochina Time),null,Statistical Assistants,43-9110,yRLWTBPV44,
fy6NaNye9J,Mon Dec 16 2019 11:46:51 GMT+0700 (Indochina Time),Mon Dec 16 2019 11:47:18 GMT+0700 (Indochina Time),null,Statisticians,15-2040,AaYEYVht0H,
1xvXA4w9YC,Mon Dec 16 2019 11:47:07 GMT+0700 (Indochina Time),Mon Dec 16 2019 11:47:35 GMT+0700 (Indochina Time),null,Structural Iron and Steel Workers,47-2220,Sv5pbllYF3,
EZGlR1Uf5d,Mon Dec 16 2019 11:47:09 GMT+0700 (Indochina Time),Mon Dec 16 2019 11:47:38 GMT+0700 (Indochina Time),null,Structural Metal Fabricators and Fitters,51-2040,rcSzzeidBc,
TBX2NWKY1m,Mon Dec 16 2019 11:46:55 GMT+0700 (Indochina Time),Mon Dec 16 2019 11:47:23 GMT+0700 (Indochina Time),null,"Substitute Teachers, Short-Term",25-3030,czIHdFw3dF,
KihBkHxDq1,Mon Dec 16 2019 11:47:13 GMT+0700 (Indochina Time),Mon Dec 16 2019 11:47:42 GMT+0700 (Indochina Time),null,Subway and Streetcar Operators,53-4040,FeM94s448v,
8tHm2pZLNy,Mon Dec 16 2019 11:47:00 GMT+0700 (Indochina Time),Mon Dec 16 2019 11:47:28 GMT+0700 (Indochina Time),null,Supervisors of Food Preparation and Serving Workers,35-1010,Mz1QUqlXIK,
QS8BNxn34Z,Mon Dec 16 2019 11:47:08 GMT+0700 (Indochina Time),Mon Dec 16 2019 11:47:35 GMT+0700 (Indochina Time),null,Surface Mining Machine Operators and Earth Drillers,47-5020,vCBeliBZXm,
c4HpsN2hCw,Mon Dec 16 2019 11:46:59 GMT+0700 (Indochina Time),Mon Dec 16 2019 11:47:26 GMT+0700 (Indochina Time),null,Surgeons,29-1240,XxBC3LdqsM,
tkhwMPb4bv,Mon Dec 16 2019 11:46:53 GMT+0700 (Indochina Time),Mon Dec 16 2019 11:47:20 GMT+0700 (Indochina Time),null,Survey Researchers,19-3020,zDdkFOuHSt,
Y8HWfZc3tb,Mon Dec 16 2019 11:46:52 GMT+0700 (Indochina Time),Mon Dec 16 2019 11:47:19 GMT+0700 (Indochina Time),null,Surveying and Mapping Technicians,17-3030,y2cz4gJPRr,
RnUtgQzkYO,Mon Dec 16 2019 11:46:51 GMT+0700 (Indochina Time),Mon Dec 16 2019 11:47:18 GMT+0700 (Indochina Time),null,"Surveyors, Cartographers, and Photogrammetrists",17-1020,EKy0bxLYaj,
uD1UZTiZqd,Mon Dec 16 2019 11:47:03 GMT+0700 (Indochina Time),Mon Dec 16 2019 11:47:31 GMT+0700 (Indochina Time),null,"Switchboard Operators, Including Answering Service",43-2010,9ub8oJhBCj,
HPivd66xUE,Mon Dec 16 2019 11:47:11 GMT+0700 (Indochina Time),Mon Dec 16 2019 11:47:39 GMT+0700 (Indochina Time),null,"Tailors, Dressmakers, and Sewers",51-6050,WCRyd9IL0o,
hz2lXNSspo,Mon Dec 16 2019 11:47:14 GMT+0700 (Indochina Time),Mon Dec 16 2019 11:47:43 GMT+0700 (Indochina Time),null,"Tank Car, Truck, and Ship Loaders",53-7120,4SGn0EArdk,
9auBAPkoGM,Mon Dec 16 2019 11:46:50 GMT+0700 (Indochina Time),Mon Dec 16 2019 11:47:18 GMT+0700 (Indochina Time),null,"Tax Examiners, Collectors and Preparers, and Revenue Agents",13-2080,mwraCKL520,
BhWrxm7ehk,Mon Dec 16 2019 11:46:56 GMT+0700 (Indochina Time),Mon Dec 16 2019 11:47:24 GMT+0700 (Indochina Time),null,Teaching Assistants,25-9040,pcFnIswXJD,
TuwlAIIwhC,Mon Dec 16 2019 11:47:03 GMT+0700 (Indochina Time),Mon Dec 16 2019 11:47:31 GMT+0700 (Indochina Time),null,Telemarketers,41-9040,ToOWtkpML8,
A5TH93mVwQ,Mon Dec 16 2019 11:47:03 GMT+0700 (Indochina Time),Mon Dec 16 2019 11:47:31 GMT+0700 (Indochina Time),null,Telephone Operators,43-2020,9ub8oJhBCj,
egce85dLVn,Mon Dec 16 2019 11:46:57 GMT+0700 (Indochina Time),Mon Dec 16 2019 11:47:25 GMT+0700 (Indochina Time),null,"Television, Video, and Film Camera Operators and Editors",27-4030,llQQsDWj6p,
cBWOG7bVeX,Mon Dec 16 2019 11:47:04 GMT+0700 (Indochina Time),Mon Dec 16 2019 11:47:32 GMT+0700 (Indochina Time),null,Tellers,43-3070,YkjDihYrc3,
PsBqDEFkjQ,Mon Dec 16 2019 11:47:11 GMT+0700 (Indochina Time),Mon Dec 16 2019 11:47:39 GMT+0700 (Indochina Time),null,"Textile Machine Setters, Operators, and Tenders",51-6060,WCRyd9IL0o,
x7vqQ4eI00,Mon Dec 16 2019 11:46:57 GMT+0700 (Indochina Time),Mon Dec 16 2019 11:47:25 GMT+0700 (Indochina Time),null,Therapists,29-1120,XxBC3LdqsM,
Y8n8DAGzrx,Mon Dec 16 2019 11:47:09 GMT+0700 (Indochina Time),Mon Dec 16 2019 11:47:38 GMT+0700 (Indochina Time),null,Timing Device Assemblers and Adjusters,51-2060,rcSzzeidBc,
URLzPmKZBI,Mon Dec 16 2019 11:47:10 GMT+0700 (Indochina Time),Mon Dec 16 2019 11:47:38 GMT+0700 (Indochina Time),null,Tool and Die Makers,51-4110,x6IWHcwGg7,
XndUeGQrBd,Mon Dec 16 2019 11:47:02 GMT+0700 (Indochina Time),Mon Dec 16 2019 11:47:30 GMT+0700 (Indochina Time),null,Tour and Travel Guides,39-7010,BvwNeHHg0F,
12LKEGZqRZ,Mon Dec 16 2019 11:47:13 GMT+0700 (Indochina Time),Mon Dec 16 2019 11:47:42 GMT+0700 (Indochina Time),null,Traffic Technicians,53-6040,VbcUN3CCNS,
PwoD7jrb9m,Mon Dec 16 2019 11:46:48 GMT+0700 (Indochina Time),Mon Dec 16 2019 11:47:16 GMT+0700 (Indochina Time),null,Training and Development Managers,30-Nov,BqetY0yG5F,
NtMutFRIUh,Mon Dec 16 2019 11:46:50 GMT+0700 (Indochina Time),Mon Dec 16 2019 11:47:17 GMT+0700 (Indochina Time),null,Training and Development Specialists,13-1150,LvfuI3nUNJ,
0p3lBm4PaP,Mon Dec 16 2019 11:47:13 GMT+0700 (Indochina Time),Mon Dec 16 2019 11:47:42 GMT+0700 (Indochina Time),null,Transportation Inspectors,53-6050,VbcUN3CCNS,
LMbZ4X3TPB,Mon Dec 16 2019 11:47:13 GMT+0700 (Indochina Time),Mon Dec 16 2019 11:47:42 GMT+0700 (Indochina Time),null,Transportation Service Attendants,53-6030,VbcUN3CCNS,
KFBgJSXPSm,Mon Dec 16 2019 11:46:48 GMT+0700 (Indochina Time),Mon Dec 16 2019 11:47:16 GMT+0700 (Indochina Time),null,"Transportation, Storage, and Distribution Managers",Nov-70,BqetY0yG5F,
CuMHJvRCGK,Mon Dec 16 2019 11:47:03 GMT+0700 (Indochina Time),Mon Dec 16 2019 11:47:31 GMT+0700 (Indochina Time),null,Travel Agents,41-3040,fNFeKD586p,
uOze8NBD0o,Mon Dec 16 2019 11:46:55 GMT+0700 (Indochina Time),Mon Dec 16 2019 11:47:23 GMT+0700 (Indochina Time),null,Tutors,25-3040,czIHdFw3dF,
zdoKxp1gOh,Mon Dec 16 2019 11:47:08 GMT+0700 (Indochina Time),Mon Dec 16 2019 11:47:35 GMT+0700 (Indochina Time),null,Underground Mining Machine Operators,47-5040,vCBeliBZXm,
qozgeZ70Zy,Mon Dec 16 2019 11:46:53 GMT+0700 (Indochina Time),Mon Dec 16 2019 11:47:20 GMT+0700 (Indochina Time),null,Urban and Regional Planners,19-3050,zDdkFOuHSt,
7BLZJSeLzX,Mon Dec 16 2019 11:47:02 GMT+0700 (Indochina Time),Mon Dec 16 2019 11:47:30 GMT+0700 (Indochina Time),null,"Ushers, Lobby Attendants, and Ticket Takers",39-3030,CRYvlMkGVE,
dGgj1LoOyG,Mon Dec 16 2019 11:46:58 GMT+0700 (Indochina Time),Mon Dec 16 2019 11:47:25 GMT+0700 (Indochina Time),null,Veterinarians,29-1130,XxBC3LdqsM,
kddxbViHRA,Mon Dec 16 2019 11:47:01 GMT+0700 (Indochina Time),Mon Dec 16 2019 11:47:29 GMT+0700 (Indochina Time),null,Waiters and Waitresses,35-3030,ZCA2io2asi,
7E0nAqcjlu,Mon Dec 16 2019 11:47:11 GMT+0700 (Indochina Time),Mon Dec 16 2019 11:47:40 GMT+0700 (Indochina Time),null,Water and Wastewater Treatment Plant and System Operators,51-8030,2jYoDpD3xo,
8fE9pYewyZ,Mon Dec 16 2019 11:47:05 GMT+0700 (Indochina Time),Mon Dec 16 2019 11:47:33 GMT+0700 (Indochina Time),null,"Weighers, Measurers, Checkers, and Samplers, Recordkeeping",43-5110,bFH3MPwZTa,
QhdEqdfqjL,Mon Dec 16 2019 11:47:10 GMT+0700 (Indochina Time),Mon Dec 16 2019 11:47:38 GMT+0700 (Indochina Time),null,"Welding, Soldering, and Brazing Workers",51-4120,x6IWHcwGg7,
5XrmA5pjo5,Mon Dec 16 2019 11:47:09 GMT+0700 (Indochina Time),Mon Dec 16 2019 11:47:37 GMT+0700 (Indochina Time),null,Wind Turbine Service Technicians,49-9080,KPln6kKiDu,
uQYT6mO3Hh,Mon Dec 16 2019 11:47:11 GMT+0700 (Indochina Time),Mon Dec 16 2019 11:47:40 GMT+0700 (Indochina Time),null,"Woodworking Machine Setters, Operators, and Tenders",51-7040,rlU6zIdXUK,
sDsu04is3a,Mon Dec 16 2019 11:46:56 GMT+0700 (Indochina Time),Mon Dec 16 2019 11:47:24 GMT+0700 (Indochina Time),null,Writers and Editors,27-3040,SISWu82MiS,
